timestamp,source_ip,dest_ip,source_port,dest_port,protocol,action,rule_name,app,category,session_id,bytes_sent,bytes_received,threat_id,url,user_agent
2025-05-26 09:00:00,192.168.1.72,64.233.186.27,16315,22,tcp,allow,Allow-SSH,ssh,file-transfer,1000,921,2455,,,
2025-05-26 09:01:00,192.168.1.55,64.233.186.27,51396,21,tcp,allow,Allow-FTP-Control,ftp-control,file-transfer,1001,1754,6055,,,
2025-05-26 09:01:18,192.168.1.78,139.59.196.186,19634,69,udp,allow,Allow-TFTP,tftp,file-transfer,1002,4167,6050,,,
2025-05-26 09:01:20,192.168.1.16,13.224.0.0,63613,993,tcp,allow,Allow-IMAPS,imaps,email,1004,6328,6929,,,"""Mozilla/5.0 (X11; Linux x86_64) Gecko/20100101 Firefox/115.0"""
2025-05-26 09:01:27,192.168.1.90,157.240.1.35,59487,2222,tcp,allow,Allow-Alt-SSH,alt-ssh,remote-access,1003,1841,6007,,,
2025-05-26 09:01:59,192.168.1.10,104.198.14.52,17404,12345,tcp,allow,Allow-NetBus,netbus,malware,1017,7323,3225,,,
2025-05-26 09:02:08,192.168.1.26,13.224.0.0,15423,6379,tcp,allow,Allow-Redis,redis,database,1008,3469,5155,,,
2025-05-26 09:02:15,192.168.1.31,5.196.0.1,48361,990,tcp,allow,Allow-FTPS-Control,ftps-control,file-transfer,1027,8913,8729,,,
2025-05-26 09:02:45,192.168.1.28,69.63.176.13,18888,12345,tcp,allow,Allow-NetBus,netbus,malware,1011,4922,6704,,,
2025-05-26 09:03:30,192.168.1.62,147.253.224.2,25087,5900,tcp,allow,Allow-VNC,vnc,remote-access,1014,6628,7763,,,
2025-05-26 09:04:00,192.168.1.46,15.230.0.0,52945,636,tcp,allow,Allow-LDAPS,ldaps,directory-auth,1010,8000,2381,,,
2025-05-26 09:04:10,192.168.1.28,31.13.71.36,14133,646,tcp,allow,Allow-LDP,ldp,remote-access,1005,7674,2954,,,
2025-05-26 09:04:12,192.168.1.52,8.8.8.8,15249,80,tcp,allow,Allow-HTTP,http,web,1007,1072,869,,,"""Mozilla/5.0 (X11; Linux x86_64) Gecko/20100101 Firefox/115.0"""
2025-05-26 09:04:30,192.168.1.30,52.239.148.88,18678,1701,udp,allow,Allow-L2TP,l2tp,vpn,1006,5545,7409,,,
2025-05-26 09:04:39,192.168.1.66,206.189.0.1,33102,990,tcp,allow,Allow-FTPS-Control,ftps-control,file-transfer,1031,2585,3068,,,
2025-05-26 09:05:12,192.168.1.58,172.217.22.14,9067,161,udp,allow,Allow-SNMP,snmp,network-services,1039,4484,3380,,,
2025-05-26 09:06:25,192.168.1.94,23.23.23.23,7605,8443,tcp,allow,Allow-HTTPS-Alt,https-alt,web,1077,8428,5047,,,
2025-05-26 09:07:03,192.168.1.44,209.85.231.108,14420,443,tcp,allow,Allow-HTTPS,https,web,1047,2085,3493,,,
2025-05-26 09:07:21,192.168.1.87,185.107.56.253,45704,6667,tcp,allow,Allow-IRC,irc,malware,1009,693,4516,,,
2025-05-26 09:07:45,192.168.1.63,18.184.0.0,15050,1720,tcp,allow,Allow-H323,h323,voip,1015,145,154,,,
2025-05-26 09:08:53,192.168.1.43,102.132.97.0,35992,80,tcp,allow,Allow-HTTP,http,web,1041,1680,6380,,,"""ZoomClient/5.11.3.4564 (Mac OS X)"""
2025-05-26 09:09:12,192.168.1.28,151.101.1.69,53474,1701,udp,allow,Allow-L2TP,l2tp,vpn,1069,6307,6727,,,
2025-05-26 09:10:12,192.168.1.42,172.64.32.132,6451,1194,udp,allow,Allow-OpenVPN,openvpn,vpn,1036,2588,3630,,,
2025-05-26 09:10:36,192.168.1.59,8.8.8.8,60284,123,udp,allow,Allow-NTP,ntp,network-services,1012,7710,7393,,,
2025-05-26 09:11:40,192.168.1.98,198.51.100.77,50748,1521,tcp,allow,Allow-Oracle-DB,oracle-db,database,1020,1529,8635,,,
2025-05-26 09:11:54,192.168.1.57,147.253.224.2,9542,514,udp,allow,Allow-Syslog,syslog,network-services,1042,2536,2052,,,
2025-05-26 09:12:02,192.168.1.16,20.81.111.85,26964,31337,tcp,allow,Allow-BackOrifice,back-orifice,malware,1019,8461,6042,,,
2025-05-26 09:12:39,192.168.1.22,13.224.0.0,49616,143,tcp,allow,Allow-IMAP,imap,email,1023,3055,7440,,,"""facebookexternalhit/1.1 (+http://www.facebook.com/externalhit_uatext.php)"""
2025-05-26 09:12:47,192.168.1.73,40.76.4.15,15146,6379,tcp,allow,Allow-Redis,redis,database,1013,1901,642,,,
2025-05-26 09:12:48,192.168.1.17,139.59.196.186,8163,1521,tcp,allow,Allow-Oracle-DB,oracle-db,database,1016,8623,7489,,,
2025-05-26 09:13:04,192.168.1.42,52.95.245.0,40871,990,tcp,allow,Allow-FTPS-Control,ftps-control,file-transfer,1049,8891,3098,,,
2025-05-26 09:13:15,192.168.1.99,149.154.167.50,33491,3128,tcp,allow,Allow-HTTP-Proxy,http-proxy,remote-access,1053,6405,5687,,,
2025-05-26 09:14:51,192.168.1.69,54.37.0.1,55316,3128,tcp,allow,Allow-HTTP-Proxy,http-proxy,remote-access,1099,1610,3443,,,
2025-05-26 09:15:10,192.168.1.44,172.217.22.14,12379,3306,tcp,allow,Allow-MySQL,mysql,database,1091,8239,4863,,,
2025-05-26 09:15:46,192.168.1.51,178.62.1.1,58282,4500,udp,allow,Allow-NAT-T,nat-t,vpn,1043,8333,7694,,,
2025-05-26 09:16:28,192.168.1.51,178.62.1.1,56582,161,udp,allow,Allow-SNMP,snmp,network-services,1026,7814,8478,,,
2025-05-26 09:16:48,192.168.1.66,185.60.216.35,4443,3389,tcp,allow,Allow-RDP,rdp,remote-access,1024,5496,6342,,,
2025-05-26 09:17:00,192.168.1.76,52.95.245.0,24597,3128,tcp,allow,Allow-HTTP-Proxy,http-proxy,remote-access,1060,4672,6135,,,
2025-05-26 09:17:00,192.168.1.17,8.8.8.8,46017,3389,tcp,allow,Allow-RDP,rdp,remote-access,1170,8274,7832,,,
2025-05-26 09:17:24,192.168.1.76,147.253.224.2,11590,6667,tcp,allow,Allow-IRC,irc,malware,1087,1097,701,,,
2025-05-26 09:17:53,192.168.1.29,104.210.2.201,8155,21,tcp,allow,Allow-FTP-Control,ftp-control,file-transfer,1029,2318,4455,,,
2025-05-26 09:17:58,192.168.1.68,198.51.100.200,22350,143,tcp,allow,Allow-IMAP,imap,email,1022,6270,4309,,,"""PostmanRuntime/7.32.2"""
2025-05-26 09:18:00,192.168.1.27,ph1sh-now-login.com,43204,4500,udp,allow,Allow-NAT-T,nat-t,vpn,1018,7529,7042,39885,https://ph1sh-now-login.com/login,
2025-05-26 09:18:09,192.168.1.75,104.16.132.229,50760,20,tcp,allow,Allow-FTP-Data,ftp-data,file-transfer,1033,8556,4430,,,
2025-05-26 09:18:20,192.168.1.82,209.85.231.108,57539,7,udp,allow,Allow-Echo,echo,network-services,1055,1387,632,,,
2025-05-26 09:18:25,192.168.1.77,178.62.1.1,5172,80,tcp,allow,Allow-HTTP,http,web,1221,4753,5609,,,"""Teams/1416.1.0.0 (Mac OS X)"""
2025-05-26 09:18:33,192.168.1.32,15.230.0.0,58665,162,udp,allow,Allow-SNMP-Trap,snmp-trap,network-services,1021,1416,2212,,,
2025-05-26 09:18:59,192.168.1.43,104.21.64.45,63623,88,tcp,allow,Allow-Kerberos,kerberos,directory-auth,1067,3634,5930,,,
2025-05-26 09:19:08,192.168.1.73,13.224.0.0,40857,993,tcp,allow,Allow-IMAPS,imaps,email,1028,156,7384,,,"""Outlook/16.0 (Windows NT 10.0; Win64; x64)"""
2025-05-26 09:19:12,192.168.1.23,3.5.140.0,12241,990,tcp,allow,Allow-FTPS-Control,ftps-control,file-transfer,1032,5945,6966,,,
2025-05-26 09:19:15,192.168.1.61,8.8.8.8,12333,993,tcp,allow,Allow-IMAPS,imaps,email,1231,2062,6872,,,"""ZoomClient/5.11.3.4564 (Mac OS X)"""
2025-05-26 09:19:24,192.168.1.54,52.95.245.0,26779,5000,tcp,allow,Allow-Flask-API,flask-api,cloud,1097,2464,5424,,,
2025-05-26 09:19:30,192.168.1.27,203.0.113.99,9664,443,tcp,allow,Allow-HTTPS,https,web,1130,1960,5958,,,
2025-05-26 09:19:36,192.168.1.83,93.184.216.34,34552,1433,tcp,allow,Allow-MS-SQL,mssql,database,1196,8732,7049,,,
2025-05-26 09:19:50,192.168.1.81,52.95.245.0,43250,514,udp,allow,Allow-Syslog,syslog,network-services,1034,3974,6745,,,
2025-05-26 09:20:16,192.168.1.92,13.224.0.0,57962,10000,udp,allow,Allow-Media,media,voip,1038,1667,7549,,,
2025-05-26 09:20:30,192.168.1.14,172.217.16.206,37058,1720,tcp,allow,Allow-H323,h323,voip,1246,6975,6425,,,
2025-05-26 09:20:48,192.168.1.31,31.13.71.36,63240,9200,tcp,allow,Allow-Elasticsearch,elasticsearch,cloud,1052,6733,462,,,
2025-05-26 09:20:50,192.168.1.42,206.189.0.1,9640,5061,tcp,allow,Allow-SIP-TLS,sip-tls,voip,1050,8401,5527,,,
2025-05-26 09:20:58,192.168.1.25,142.250.64.78,36632,5601,tcp,allow,Allow-Kibana,kibana,cloud,1037,1815,5893,,,
2025-05-26 09:21:07,192.168.1.48,198.51.100.200,11278,54321,tcp,allow,Allow-MiscExploit,misc-exploit,malware,1181,7503,5962,,,
2025-05-26 09:21:12,192.168.1.48,18.184.0.0,44346,53,udp,allow,Allow-DNS,dns,dns,1106,7608,4445,,,
2025-05-26 09:21:36,192.168.1.79,188.166.0.1,35959,636,tcp,allow,Allow-LDAPS,ldaps,directory-auth,1072,6927,2107,,,
2025-05-26 09:21:40,192.168.1.21,37.252.14.66,43667,5601,tcp,allow,Allow-Kibana,kibana,cloud,1025,3556,6681,,,
2025-05-26 09:22:30,192.168.1.79,23.23.23.23,38180,143,tcp,allow,Allow-IMAP,imap,email,1135,1077,8868,,,"""PostmanRuntime/7.32.2"""
2025-05-26 09:23:07,192.168.1.99,5.196.0.1,31984,10000,udp,allow,Allow-Media,media,voip,1073,5034,7163,,,
2025-05-26 09:23:20,192.168.1.96,104.198.14.52,23745,20,tcp,allow,Allow-FTP-Data,ftp-data,file-transfer,1140,1695,6806,,,
2025-05-26 09:23:20,192.168.1.37,52.95.245.0,23778,8086,tcp,allow,Allow-InfluxDB,influxdb,cloud,1175,4931,2526,,,
2025-05-26 09:23:46,192.168.1.63,198.51.100.77,57666,1720,tcp,allow,Allow-H323,h323,voip,1046,3948,7349,,,
2025-05-26 09:24:42,192.168.1.79,203.0.113.45,63124,5060,udp,allow,Allow-SIP,sip,voip,1247,8311,3437,,,
2025-05-26 09:25:00,192.168.1.80,8.8.4.4,17285,22,tcp,allow,Allow-SSH,ssh,file-transfer,1030,743,907,,,
2025-05-26 09:25:05,192.168.1.52,64.233.186.27,43293,5432,tcp,allow,Allow-PostgreSQL,postgresql,database,1301,7369,1870,,,
2025-05-26 09:26:00,192.168.1.40,147.253.224.2,52175,3268,tcp,allow,Allow-Global-Catalog,global-catalog,directory-auth,1195,8417,4228,,,
2025-05-26 09:26:15,192.168.1.34,malicious-updates.net,5069,88,tcp,allow,Allow-Kerberos,kerberos,directory-auth,1035,1832,5982,37701,https://malicious-updates.net/login,
2025-05-26 09:27:04,192.168.1.91,139.59.196.186,41258,12345,tcp,allow,Allow-NetBus,netbus,malware,1058,5460,8467,,,
2025-05-26 09:27:15,192.168.1.74,172.217.22.14,57381,88,tcp,allow,Allow-Kerberos,kerberos,directory-auth,1327,6377,1375,,,
2025-05-26 09:27:20,192.168.1.35,209.85.231.108,22377,6379,tcp,allow,Allow-Redis,redis,database,1328,5107,8387,,,
2025-05-26 09:27:36,192.168.1.12,64.233.186.27,11333,6379,tcp,allow,Allow-Redis,redis,database,1092,876,452,,,
2025-05-26 09:27:44,192.168.1.41,51.254.0.1,7123,115,tcp,allow,Allow-SFTP-Old,sftp-old,file-transfer,1208,3953,8355,,,
2025-05-26 09:28:24,192.168.1.53,147.253.224.2,40455,6379,tcp,allow,Allow-Redis,redis,database,1071,3668,4522,,,
2025-05-26 09:28:58,192.168.1.99,104.21.64.45,49338,53,udp,allow,Allow-DNS,dns,dns,1158,7180,186,,,
2025-05-26 09:30:18,192.168.1.85,3.5.140.0,54046,8086,tcp,allow,Allow-InfluxDB,influxdb,cloud,1303,3451,7903,,,
2025-05-26 09:31:00,192.168.1.92,140.82.114.3,9648,162,udp,allow,Allow-SNMP-Trap,snmp-trap,network-services,1310,1059,1484,,,
2025-05-26 09:31:12,192.168.1.41,1.1.1.1,18524,500,udp,allow,Allow-IKE,ike,vpn,1048,7282,4983,,,
2025-05-26 09:31:48,192.168.1.63,192.30.255.113,28331,1433,tcp,allow,Allow-MS-SQL,mssql,database,1159,7281,5005,,,
2025-05-26 09:32:32,192.168.1.98,64.233.186.27,60226,2222,tcp,allow,Allow-Alt-SSH,alt-ssh,remote-access,1061,5072,7023,,,
2025-05-26 09:32:36,192.168.1.10,18.184.0.0,52808,123,udp,allow,Allow-NTP,ntp,network-services,1163,2730,8407,,,
2025-05-26 09:32:48,192.168.1.39,104.21.64.45,36623,636,tcp,allow,Allow-LDAPS,ldaps,directory-auth,1082,3227,4176,,,
2025-05-26 09:33:00,192.168.1.94,104.210.2.201,15651,7,udp,allow,Allow-Echo,echo,network-services,1066,2535,1915,,,
2025-05-26 09:33:44,192.168.1.61,64.233.186.27,32860,2222,tcp,allow,Allow-Alt-SSH,alt-ssh,remote-access,1088,6047,1055,,,
2025-05-26 09:34:00,192.168.1.74,login-verification.site,51821,21,tcp,allow,Allow-FTP-Control,ftp-control,file-transfer,1040,4277,1857,28569,https://login-verification.site/login,
2025-05-26 09:34:00,192.168.1.50,209.85.231.108,64564,2375,tcp,allow,Allow-Docker-API,docker-api,cloud,1068,8005,7219,,,
2025-05-26 09:34:18,192.168.1.69,20.81.111.85,14574,162,udp,allow,Allow-SNMP-Trap,snmp-trap,network-services,1147,4923,4013,,,
2025-05-26 09:34:24,192.168.1.71,13.107.246.10,47325,7,udp,allow,Allow-Echo,echo,network-services,1258,6638,4888,,,
2025-05-26 09:34:28,192.168.1.64,45.33.32.156,54397,3306,tcp,allow,Allow-MySQL,mysql,database,1044,3887,1580,,,
2025-05-26 09:34:30,192.168.1.37,8.8.8.8,25167,2222,tcp,allow,Allow-Alt-SSH,alt-ssh,remote-access,1090,2047,8544,,,
2025-05-26 09:35:00,192.168.1.50,74.125.140.109,52026,10000,udp,allow,Allow-Media,media,voip,1300,6759,2891,,,
2025-05-26 09:35:15,192.168.1.30,1.1.1.1,21558,5900,tcp,allow,Allow-VNC,vnc,remote-access,1423,4377,2361,,,
2025-05-26 09:35:24,192.168.1.16,37.252.14.66,29466,27017,tcp,allow,Allow-MongoDB,mongodb,database,1354,5294,5564,,,
2025-05-26 09:36:54,192.168.1.50,206.189.0.1,45058,500,udp,allow,Allow-IKE,ike,vpn,1123,8073,2137,,,
2025-05-26 09:37:06,192.168.1.11,104.210.2.201,57028,1521,tcp,allow,Allow-Oracle-DB,oracle-db,database,1318,8483,2912,,,
2025-05-26 09:37:15,192.168.1.72,20.81.111.85,48615,54321,tcp,allow,Allow-MiscExploit,misc-exploit,malware,1447,8034,3100,,,
2025-05-26 09:37:36,192.168.1.25,178.62.1.1,51108,587,tcp,allow,Allow-SMTP-Sub,smtp-submission,email,1094,8526,4141,,,
2025-05-26 09:37:46,192.168.1.61,198.51.100.77,33735,5432,tcp,allow,Allow-PostgreSQL,postgresql,database,1103,3435,4224,,,
2025-05-26 09:37:55,192.168.1.56,172.217.22.14,31924,2375,tcp,allow,Allow-Docker-API,docker-api,cloud,1065,6952,3111,,,
2025-05-26 09:38:15,192.168.1.49,54.37.0.1,64955,53,udp,allow,Allow-DNS,dns,dns,1085,338,5285,,,
2025-05-26 09:38:42,192.168.1.60,13.107.246.10,1508,6379,tcp,allow,Allow-Redis,redis,database,1129,675,6413,,,
2025-05-26 09:38:51,192.168.1.52,157.240.1.35,33246,3306,tcp,allow,Allow-MySQL,mysql,database,1111,4083,2840,,,
2025-05-26 09:39:06,192.168.1.82,office365-checkin.info,37653,54321,tcp,allow,Allow-MiscExploit,misc-exploit,malware,1138,4267,1418,,,
2025-05-26 09:39:44,192.168.1.25,64.233.186.27,49608,8080,tcp,allow,Allow-HTTP-Alt,http-alt,web,1149,2504,2731,,,
2025-05-26 09:40:15,192.168.1.45,198.244.112.0,38158,1194,udp,allow,Allow-OpenVPN,openvpn,vpn,1161,4823,3003,,,
2025-05-26 09:40:18,192.168.1.26,185.199.110.153,58482,5601,tcp,allow,Allow-Kibana,kibana,cloud,1062,4050,801,,,
2025-05-26 09:40:19,192.168.1.74,104.244.42.1,15940,5900,tcp,allow,Allow-VNC,vnc,remote-access,1059,6228,6317,,,
2025-05-26 09:40:32,192.168.1.19,3.5.140.0,6092,587,tcp,allow,Allow-SMTP-Sub,smtp-submission,email,1064,4770,3850,,,
2025-05-26 09:40:48,192.168.1.60,206.189.0.1,58245,161,udp,allow,Allow-SNMP,snmp,network-services,1051,6645,8217,,,
2025-05-26 09:41:18,192.168.1.40,1.1.1.1,9827,6667,tcp,allow,Allow-IRC,irc,malware,1177,8384,4886,,,
2025-05-26 09:41:48,192.168.1.18,104.17.175.85,15650,989,tcp,allow,Allow-FTPS-Data,ftps-data,file-transfer,1057,1894,2408,,,
2025-05-26 09:42:00,192.168.1.14,8.8.4.4,33443,520,udp,allow,Allow-RIP,rip,network-services,1045,2496,7404,,,
2025-05-26 09:42:21,192.168.1.81,185.107.56.253,10097,5060,udp,allow,Allow-SIP,sip,voip,1121,5069,591,,,
2025-05-26 09:42:30,192.168.1.11,157.240.1.35,20593,1521,tcp,allow,Allow-Oracle-DB,oracle-db,database,1102,6361,8235,,,
2025-05-26 09:42:36,192.168.1.93,18.184.0.0,4674,1521,tcp,allow,Allow-Oracle-DB,oracle-db,database,1426,6840,6990,,,
2025-05-26 09:43:12,192.168.1.20,104.17.175.85,20735,110,tcp,allow,Allow-POP3,pop3,email,1054,4120,5210,,,"""Mozilla/5.0 (X11; Linux x86_64) Gecko/20100101 Firefox/115.0"""
2025-05-26 09:43:31,192.168.1.78,203.0.113.99,53472,1701,udp,allow,Allow-L2TP,l2tp,vpn,1373,1536,7395,,,
2025-05-26 09:43:44,192.168.1.94,40.90.142.60,64260,5900,tcp,allow,Allow-VNC,vnc,remote-access,1164,4428,497,,,
2025-05-26 09:44:20,192.168.1.24,198.51.100.77,37038,21,tcp,allow,Allow-FTP-Control,ftp-control,file-transfer,1070,8105,1988,,,
2025-05-26 09:44:48,192.168.1.42,192.30.255.113,57203,1720,tcp,allow,Allow-H323,h323,voip,1192,4054,778,,,
2025-05-26 09:46:24,192.168.1.34,37.252.14.66,26020,993,tcp,allow,Allow-IMAPS,imaps,email,1174,3565,3358,,,"""Wget/1.21.1 (linux-gnu)"""
2025-05-26 09:46:56,192.168.1.44,office365-checkin.info,21784,514,udp,allow,Allow-Syslog,syslog,network-services,1256,2030,7281,,,
2025-05-26 09:47:30,192.168.1.22,104.21.64.45,54413,520,udp,allow,Allow-RIP,rip,network-services,1075,8346,7201,,,
2025-05-26 09:47:32,192.168.1.43,102.132.97.0,32558,2376,tcp,allow,Allow-Docker-TLS,docker-tls,cloud,1124,3521,744,,,
2025-05-26 09:48:06,192.168.1.31,185.100.87.202,65187,500,udp,allow,Allow-IKE,ike,vpn,1222,5021,4642,,,
2025-05-26 09:48:18,192.168.1.43,login-verification.site,30422,1433,tcp,allow,Allow-MS-SQL,mssql,database,1063,6691,2447,31202,https://login-verification.site/login,
2025-05-26 09:48:25,192.168.1.97,192.30.255.113,4222,4444,tcp,allow,Allow-Metasploit,metasploit,malware,1083,4619,7954,,,
2025-05-26 09:48:40,192.168.1.57,203.0.113.45,6496,8080,tcp,allow,Allow-HTTP-Alt,http-alt,web,1146,3718,8553,,,
2025-05-26 09:48:45,192.168.1.81,185.100.87.202,39503,27017,tcp,allow,Allow-MongoDB,mongodb,database,1225,6839,2554,,,
2025-05-26 09:49:04,192.168.1.29,40.76.4.15,47266,5000,tcp,allow,Allow-Flask-API,flask-api,cloud,1184,539,5726,,,
2025-05-26 09:49:07,192.168.1.56,192.0.2.80,17313,1521,tcp,allow,Allow-Oracle-DB,oracle-db,database,1421,8260,6279,,,
2025-05-26 09:50:20,192.168.1.29,147.253.224.2,26638,3128,tcp,allow,Allow-HTTP-Proxy,http-proxy,remote-access,1302,4424,5414,,,
2025-05-26 09:50:31,192.168.1.69,45.33.32.156,60680,25,tcp,allow,Allow-SMTP,smtp,email,1433,1976,3109,,,"""Mozilla/5.0 (Windows NT 10.0; Win64; x64) AppleWebKit/537.36 (KHTML, like Gecko) Chrome/123.0.0.0 Safari/537.36"""
2025-05-26 09:50:40,192.168.1.24,172.65.251.78,51324,5061,tcp,allow,Allow-SIP-TLS,sip-tls,voip,1076,5649,4893,,,
2025-05-26 09:50:50,192.168.1.19,malicious-updates.net,17759,5353,udp,allow,Allow-mDNS,mdns,dns,1122,4869,1602,34075,https://malicious-updates.net/login,
2025-05-26 09:51:06,192.168.1.89,172.217.22.14,34666,5900,tcp,allow,Allow-VNC,vnc,remote-access,1438,6800,6552,,,
2025-05-26 09:51:34,192.168.1.32,142.250.64.78,4441,587,tcp,allow,Allow-SMTP-Sub,smtp-submission,email,1119,5194,4699,,,
2025-05-26 09:51:36,192.168.1.20,147.253.224.2,10758,10000,udp,allow,Allow-Media,media,voip,1172,7350,8193,,,
2025-05-26 09:52:00,192.168.1.18,8.8.8.8,9043,500,udp,allow,Allow-IKE,ike,vpn,1240,8401,6426,,,
2025-05-26 09:52:39,192.168.1.22,185.107.56.253,63885,5060,udp,allow,Allow-SIP,sip,voip,1243,8606,6904,,,
2025-05-26 09:53:02,192.168.1.95,147.253.224.2,30336,5601,tcp,allow,Allow-Kibana,kibana,cloud,1086,8920,7399,,,
2025-05-26 09:53:44,192.168.1.87,64.233.186.27,8000,53,udp,allow,Allow-DNS,dns,dns,1403,8641,1793,,,
2025-05-26 09:54:36,192.168.1.15,139.59.196.186,9289,2222,tcp,allow,Allow-Alt-SSH,alt-ssh,remote-access,1364,3212,3721,,,
2025-05-26 09:54:40,192.168.1.10,64.233.186.27,54507,53,udp,allow,Allow-DNS,dns,dns,1080,7172,6640,,,
2025-05-26 09:55:04,192.168.1.68,140.82.114.3,16902,2375,tcp,allow,Allow-Docker-API,docker-api,cloud,1056,3016,124,,,
2025-05-26 09:55:22,192.168.1.95,3.5.140.0,21938,5900,tcp,allow,Allow-VNC,vnc,remote-access,1151,3429,7562,,,
2025-05-26 09:56:00,192.168.1.90,104.210.2.201,37901,514,udp,allow,Allow-Syslog,syslog,network-services,1280,3009,7879,,,
2025-05-26 09:56:10,192.168.1.15,8.8.4.4,59241,53,udp,allow,Allow-DNS,dns,dns,1337,7019,4154,,,
2025-05-26 09:56:30,192.168.1.42,209.85.231.108,3372,8443,tcp,allow,Allow-HTTPS-Alt,https-alt,web,1339,7202,467,,,
2025-05-26 09:56:37,192.168.1.60,31.13.71.36,6850,1701,udp,allow,Allow-L2TP,l2tp,vpn,1079,2421,5626,,,
2025-05-26 09:57:00,192.168.1.54,ph1sh-now-login.com,54769,3268,tcp,allow,Allow-Global-Catalog,global-catalog,directory-auth,1380,7810,3364,24258,https://ph1sh-now-login.com/login,
2025-05-26 09:57:36,192.168.1.96,192.198.80.3,11008,20,tcp,allow,Allow-FTP-Data,ftp-data,file-transfer,1096,1509,1504,,,
2025-05-26 09:57:38,192.168.1.67,151.101.1.69,8511,31337,tcp,allow,Allow-BackOrifice,back-orifice,malware,1182,1370,1020,,,
2025-05-26 09:57:55,192.168.1.92,185.60.216.35,7291,3306,tcp,allow,Allow-MySQL,mysql,database,1139,5578,7793,,,
2025-05-26 09:58:00,192.168.1.35,ph1sh-now-login.com,57235,8086,tcp,allow,Allow-InfluxDB,influxdb,cloud,1145,7637,8670,36419,https://ph1sh-now-login.com/login,
2025-05-26 09:58:57,192.168.1.48,104.17.175.85,27525,873,tcp,allow,Allow-Rsync,rsync,remote-access,1131,7574,602,,,
2025-05-26 09:59:16,192.168.1.73,login-verification.site,44761,143,tcp,allow,Allow-IMAP,imap,email,1127,2246,3708,32850,https://login-verification.site/login,"""curl/7.79.1"""
2025-05-26 10:01:20,192.168.1.87,52.95.245.0,17579,5000,tcp,allow,Allow-Flask-API,flask-api,cloud,1230,2534,229,,,
2025-05-26 10:01:30,192.168.1.18,104.198.14.52,43713,500,udp,allow,Allow-IKE,ike,vpn,1369,5309,7378,,,
2025-05-26 10:01:36,192.168.1.21,5.196.0.1,42074,88,tcp,allow,Allow-Kerberos,kerberos,directory-auth,1154,7167,5465,,,
2025-05-26 10:01:45,192.168.1.82,209.85.231.108,47424,110,tcp,allow,Allow-POP3,pop3,email,1095,1583,3986,,,"""facebookexternalhit/1.1 (+http://www.facebook.com/externalhit_uatext.php)"""
2025-05-26 10:02:30,192.168.1.87,147.253.224.2,56693,12345,tcp,allow,Allow-NetBus,netbus,malware,1250,8445,408,,,
2025-05-26 10:02:40,192.168.1.15,185.60.216.35,49018,10000,udp,allow,Allow-Media,media,voip,1376,7038,7341,,,
2025-05-26 10:03:38,192.168.1.97,40.90.142.60,35672,8443,tcp,allow,Allow-HTTPS-Alt,https-alt,web,1166,4210,1448,,,
2025-05-26 10:04:48,192.168.1.45,198.244.112.0,4768,5353,udp,allow,Allow-mDNS,mdns,dns,1081,359,4372,,,
2025-05-26 10:05:04,192.168.1.69,192.30.255.113,64186,520,udp,allow,Allow-RIP,rip,network-services,1244,7217,3239,,,
2025-05-26 10:06:30,192.168.1.15,31.13.71.36,50200,520,udp,allow,Allow-RIP,rip,network-services,1105,3080,5503,,,
2025-05-26 10:06:58,192.168.1.19,139.59.196.186,63140,3268,tcp,allow,Allow-Global-Catalog,global-catalog,directory-auth,1098,7993,6364,,,
2025-05-26 10:07:00,192.168.1.43,37.252.14.66,13543,31337,tcp,allow,Allow-BackOrifice,back-orifice,malware,1402,4583,3516,,,
2025-05-26 10:08:00,192.168.1.10,13.224.0.0,11813,5000,tcp,allow,Allow-Flask-API,flask-api,cloud,1136,8476,4168,,,
2025-05-26 10:08:36,192.168.1.91,198.244.112.0,30082,69,udp,allow,Allow-TFTP,tftp,file-transfer,1084,8126,3351,,,
2025-05-26 10:10:18,192.168.1.98,40.76.4.15,52731,3306,tcp,allow,Allow-MySQL,mysql,database,1074,8379,8289,,,
2025-05-26 10:10:30,192.168.1.57,139.59.196.186,41345,3306,tcp,allow,Allow-MySQL,mysql,database,1141,8958,5972,,,
2025-05-26 10:11:12,192.168.1.23,192.198.80.3,25524,1433,tcp,allow,Allow-MS-SQL,mssql,database,1089,6636,5635,,,
2025-05-26 10:11:45,192.168.1.93,192.0.2.80,62417,21,tcp,allow,Allow-FTP-Control,ftp-control,file-transfer,1287,7837,547,,,
2025-05-26 10:12:15,192.168.1.42,178.62.1.1,10186,3306,tcp,allow,Allow-MySQL,mysql,database,1289,6991,5469,,,
2025-05-26 10:14:00,192.168.1.57,104.21.64.45,47703,1521,tcp,allow,Allow-Oracle-DB,oracle-db,database,1120,5110,2912,,,
2025-05-26 10:14:55,192.168.1.87,office365-checkin.info,30013,1701,udp,allow,Allow-L2TP,l2tp,vpn,1155,604,1964,,,
2025-05-26 10:15:00,192.168.1.22,192.198.80.3,46847,123,udp,allow,Allow-NTP,ntp,network-services,1100,7204,7975,,,
2025-05-26 10:15:24,192.168.1.34,104.21.64.45,19830,2375,tcp,allow,Allow-Docker-API,docker-api,cloud,1116,8580,5802,,,
2025-05-26 10:15:31,192.168.1.48,54.37.0.1,46154,587,tcp,allow,Allow-SMTP-Sub,smtp-submission,email,1197,7104,7986,,,
2025-05-26 10:16:32,192.168.1.13,188.166.0.1,64692,53,udp,allow,Allow-DNS,dns,dns,1112,5937,1873,,,
2025-05-26 10:16:38,192.168.1.38,203.0.113.99,48071,3306,tcp,allow,Allow-MySQL,mysql,database,1209,6251,7100,,,
2025-05-26 10:16:40,192.168.1.88,140.82.114.3,39838,88,tcp,allow,Allow-Kerberos,kerberos,directory-auth,1115,8660,6112,,,
2025-05-26 10:18:00,192.168.1.77,142.250.64.78,46368,4500,udp,allow,Allow-NAT-T,nat-t,vpn,1078,2268,198,,,
2025-05-26 10:18:28,192.168.1.71,104.210.2.201,32597,5900,tcp,allow,Allow-VNC,vnc,remote-access,1214,2140,8492,,,
2025-05-26 10:19:07,192.168.1.93,172.217.22.14,60982,5060,udp,allow,Allow-SIP,sip,voip,1101,8860,5777,,,
2025-05-26 10:19:24,192.168.1.13,54.37.0.1,13458,8443,tcp,allow,Allow-HTTPS-Alt,https-alt,web,1397,6434,1419,,,
2025-05-26 10:20:33,192.168.1.50,151.101.1.69,49636,1720,tcp,allow,Allow-H323,h323,voip,1179,2450,7193,,,
2025-05-26 10:21:40,192.168.1.20,20.81.111.85,8730,8086,tcp,allow,Allow-InfluxDB,influxdb,cloud,1245,8899,4304,,,
2025-05-26 10:21:54,192.168.1.95,198.244.112.0,65214,520,udp,allow,Allow-RIP,rip,network-services,1126,8758,5507,,,
2025-05-26 10:22:24,192.168.1.30,142.250.64.78,6569,514,udp,allow,Allow-Syslog,syslog,network-services,1309,8987,374,,,
2025-05-26 10:23:12,192.168.1.87,185.107.56.253,7242,31337,tcp,allow,Allow-BackOrifice,back-orifice,malware,1104,8184,5342,,,
2025-05-26 10:23:14,192.168.1.27,13.107.246.10,29353,1701,udp,allow,Allow-L2TP,l2tp,vpn,1227,5946,7778,,,
2025-05-26 10:23:39,192.168.1.32,54.37.0.1,15401,80,tcp,allow,Allow-HTTP,http,web,1239,2603,1053,,,"""PostmanRuntime/7.32.2"""
2025-05-26 10:24:14,192.168.1.85,104.16.132.229,64702,5061,tcp,allow,Allow-SIP-TLS,sip-tls,voip,1266,3455,1928,,,
2025-05-26 10:25:04,192.168.1.28,178.62.1.1,53081,5432,tcp,allow,Allow-PostgreSQL,postgresql,database,1319,4930,3763,,,
2025-05-26 10:25:30,192.168.1.11,31.13.71.36,8372,514,udp,allow,Allow-Syslog,syslog,network-services,1285,7689,6163,,,
2025-05-26 10:26:46,192.168.1.65,13.107.246.10,17340,1701,udp,allow,Allow-L2TP,l2tp,vpn,1274,4710,1226,,,
2025-05-26 10:26:48,192.168.1.27,23.23.23.23,44123,12345,tcp,allow,Allow-NetBus,netbus,malware,1186,7758,3275,,,
2025-05-26 10:29:08,192.168.1.97,198.244.112.0,4560,115,tcp,allow,Allow-SFTP-Old,sftp-old,file-transfer,1382,455,589,,,
2025-05-26 10:29:20,192.168.1.17,104.244.42.1,7329,88,tcp,allow,Allow-Kerberos,kerberos,directory-auth,1134,7111,1441,,,
2025-05-26 10:29:48,192.168.1.33,malicious-updates.net,60614,27017,tcp,allow,Allow-MongoDB,mongodb,database,1449,8570,8791,21243,https://malicious-updates.net/login,
2025-05-26 10:29:54,192.168.1.70,104.21.64.45,12917,3389,tcp,allow,Allow-RDP,rdp,remote-access,1093,1905,745,,,
2025-05-26 10:30:12,192.168.1.59,142.250.64.78,2725,115,tcp,allow,Allow-SFTP-Old,sftp-old,file-transfer,1132,7458,6615,,,
2025-05-26 10:30:50,192.168.1.53,104.210.2.201,52607,3268,tcp,allow,Allow-Global-Catalog,global-catalog,directory-auth,1109,5047,5729,,,
2025-05-26 10:31:40,192.168.1.91,206.189.0.1,55128,5432,tcp,allow,Allow-PostgreSQL,postgresql,database,1110,7266,8553,,,
2025-05-26 10:31:48,192.168.1.26,37.252.14.66,57834,636,tcp,allow,Allow-LDAPS,ldaps,directory-auth,1153,5721,500,,,
2025-05-26 10:34:00,192.168.1.53,185.199.110.153,52174,7,udp,allow,Allow-Echo,echo,network-services,1282,8076,1407,,,
2025-05-26 10:34:31,192.168.1.15,login-verification.site,56626,54321,tcp,allow,Allow-MiscExploit,misc-exploit,malware,1107,598,4434,30475,https://login-verification.site/login,
2025-05-26 10:34:36,192.168.1.39,40.76.4.15,5120,27017,tcp,allow,Allow-MongoDB,mongodb,database,1473,7331,3073,,,
2025-05-26 10:35:40,192.168.1.89,64.233.186.27,2562,22,tcp,allow,Allow-SSH,ssh,file-transfer,1205,1602,3957,,,
2025-05-26 10:35:50,192.168.1.51,15.230.0.0,6545,22,tcp,allow,Allow-SSH,ssh,file-transfer,1125,5680,4652,,,
2025-05-26 10:36:32,192.168.1.64,54.37.0.1,39144,9200,tcp,allow,Allow-Elasticsearch,elasticsearch,cloud,1362,824,6026,,,
2025-05-26 10:37:43,192.168.1.14,69.63.176.13,34001,1720,tcp,allow,Allow-H323,h323,voip,1451,8753,6270,,,
2025-05-26 10:38:15,192.168.1.29,172.65.251.78,21957,636,tcp,allow,Allow-LDAPS,ldaps,directory-auth,1393,1427,2537,,,
2025-05-26 10:39:34,192.168.1.10,18.184.0.0,2903,990,tcp,allow,Allow-FTPS-Control,ftps-control,file-transfer,1206,5869,5670,,,
2025-05-26 10:39:49,192.168.1.22,5.196.0.1,5475,389,tcp,allow,Allow-LDAP,ldap,directory-auth,1113,5330,7005,,,
2025-05-26 10:40:30,192.168.1.38,8.8.8.8,63645,21,tcp,allow,Allow-FTP-Control,ftp-control,file-transfer,1201,7552,8211,,,
2025-05-26 10:40:30,192.168.1.56,142.250.64.78,26767,5601,tcp,allow,Allow-Kibana,kibana,cloud,1335,8725,913,,,
2025-05-26 10:40:48,192.168.1.21,13.224.0.0,29052,88,tcp,allow,Allow-Kerberos,kerberos,directory-auth,1108,3730,204,,,
2025-05-26 10:40:50,192.168.1.36,1.1.1.1,16215,1433,tcp,allow,Allow-MS-SQL,mssql,database,1242,8198,7169,,,
2025-05-26 10:42:08,192.168.1.25,188.166.0.1,64586,4444,tcp,allow,Allow-Metasploit,metasploit,malware,1383,3531,6995,,,
2025-05-26 10:42:16,192.168.1.45,13.224.0.0,22138,587,tcp,allow,Allow-SMTP-Sub,smtp-submission,email,1118,7880,884,,,
2025-05-26 10:42:24,192.168.1.70,140.82.114.3,62856,636,tcp,allow,Allow-LDAPS,ldaps,directory-auth,1128,6321,2824,,,
2025-05-26 10:42:36,192.168.1.83,64.233.186.27,24072,636,tcp,allow,Allow-LDAPS,ldaps,directory-auth,1171,7555,7405,,,
2025-05-26 10:42:57,192.168.1.74,198.244.112.0,14711,53,udp,allow,Allow-DNS,dns,dns,1213,215,4862,,,
2025-05-26 10:43:52,192.168.1.69,209.85.231.108,12040,587,tcp,allow,Allow-SMTP-Sub,smtp-submission,email,1152,4887,5248,,,
2025-05-26 10:45:00,192.168.1.11,198.51.100.200,10953,6379,tcp,allow,Allow-Redis,redis,database,1252,4725,4274,,,
2025-05-26 10:47:15,192.168.1.92,3.5.140.0,64479,3389,tcp,allow,Allow-RDP,rdp,remote-access,1117,3621,4106,,,
2025-05-26 10:47:59,192.168.1.86,37.252.14.66,58522,23,tcp,allow,Allow-Telnet,telnet,remote-access,1341,2588,1486,,,
2025-05-26 10:48:00,192.168.1.30,8.8.8.8,35440,3268,tcp,allow,Allow-Global-Catalog,global-catalog,directory-auth,1270,3741,3577,,,
2025-05-26 10:48:37,192.168.1.44,login-verification.site,9602,6667,tcp,allow,Allow-IRC,irc,malware,1343,2581,2218,24944,https://login-verification.site/login,
2025-05-26 10:49:05,192.168.1.96,147.253.224.2,42814,2222,tcp,allow,Allow-Alt-SSH,alt-ssh,remote-access,1187,6129,1170,,,
2025-05-26 10:49:30,192.168.1.52,104.244.42.1,2402,989,tcp,allow,Allow-FTPS-Data,ftps-data,file-transfer,1365,1264,3762,,,
2025-05-26 10:49:38,192.168.1.51,185.199.110.153,13378,443,tcp,allow,Allow-HTTPS,https,web,1143,8255,1146,,,
2025-05-26 10:49:40,192.168.1.33,192.0.2.80,61285,9200,tcp,allow,Allow-Elasticsearch,elasticsearch,cloud,1188,1414,5329,,,
2025-05-26 10:50:00,192.168.1.36,8.8.4.4,33948,8086,tcp,allow,Allow-InfluxDB,influxdb,cloud,1200,2623,5350,,,
2025-05-26 10:50:08,192.168.1.64,52.239.148.88,64805,8080,tcp,allow,Allow-HTTP-Alt,http-alt,web,1472,5636,321,,,
2025-05-26 10:51:00,192.168.1.50,157.240.1.35,2875,3389,tcp,allow,Allow-RDP,rdp,remote-access,1180,3489,2162,,,
2025-05-26 10:51:20,192.168.1.37,157.240.1.35,48446,54321,tcp,allow,Allow-MiscExploit,misc-exploit,malware,1167,4416,8757,,,
2025-05-26 10:51:28,192.168.1.77,203.0.113.45,9949,6667,tcp,allow,Allow-IRC,irc,malware,1176,2303,7052,,,
2025-05-26 10:52:00,192.168.1.87,149.154.167.50,44019,143,tcp,allow,Allow-IMAP,imap,email,1224,5134,8924,,,"""Googlebot/2.1 (+http://www.google.com/bot.html)"""
2025-05-26 10:52:05,192.168.1.40,45.33.32.156,29730,4500,udp,allow,Allow-NAT-T,nat-t,vpn,1269,8820,6799,,,
2025-05-26 10:52:06,192.168.1.29,54.37.0.1,37411,4500,udp,allow,Allow-NAT-T,nat-t,vpn,1114,4105,4078,,,
2025-05-26 10:52:14,192.168.1.47,192.30.255.113,30593,123,udp,allow,Allow-NTP,ntp,network-services,1259,6577,364,,,
2025-05-26 10:52:45,192.168.1.57,206.189.0.1,19023,3268,tcp,allow,Allow-Global-Catalog,global-catalog,directory-auth,1165,4831,1095,,,
2025-05-26 10:52:48,192.168.1.13,ph1sh-now-login.com,12785,993,tcp,allow,Allow-IMAPS,imaps,email,1144,3321,4711,26967,https://ph1sh-now-login.com/login,"""Googlebot/2.1 (+http://www.google.com/bot.html)"""
2025-05-26 10:53:28,192.168.1.20,5.196.0.1,11428,443,tcp,allow,Allow-HTTPS,https,web,1148,4492,3275,,,
2025-05-26 10:56:15,192.168.1.28,140.82.114.3,51589,8080,tcp,allow,Allow-HTTP-Alt,http-alt,web,1279,7480,3309,,,
2025-05-26 10:56:30,192.168.1.64,172.217.16.206,2627,23,tcp,allow,Allow-Telnet,telnet,remote-access,1466,7523,7978,,,
2025-05-26 10:57:29,192.168.1.46,3.5.140.0,63560,2222,tcp,allow,Allow-Alt-SSH,alt-ssh,remote-access,1133,1118,7152,,,
2025-05-26 10:58:30,192.168.1.19,104.244.42.1,52646,873,tcp,allow,Allow-Rsync,rsync,remote-access,1474,6770,2255,,,
2025-05-26 10:59:00,192.168.1.80,172.65.251.78,60619,5900,tcp,allow,Allow-VNC,vnc,remote-access,1238,8759,2328,,,
2025-05-26 10:59:21,192.168.1.54,209.85.231.108,60238,7,udp,allow,Allow-Echo,echo,network-services,1217,4278,3989,,,
2025-05-26 10:59:34,192.168.1.22,104.17.175.85,13999,21,tcp,allow,Allow-FTP-Control,ftp-control,file-transfer,1211,607,2547,,,
2025-05-26 10:59:42,192.168.1.99,102.132.97.0,64760,143,tcp,allow,Allow-IMAP,imap,email,1399,6688,1558,,,"""Outlook/16.0 (Windows NT 10.0; Win64; x64)"""
2025-05-26 11:00:28,192.168.1.38,192.30.255.113,55867,1433,tcp,allow,Allow-MS-SQL,mssql,database,1278,5963,5784,,,
2025-05-26 11:00:42,192.168.1.96,209.85.231.108,19140,2222,tcp,allow,Allow-Alt-SSH,alt-ssh,remote-access,1142,4732,895,,,
2025-05-26 11:00:45,192.168.1.96,172.65.251.78,34483,514,udp,allow,Allow-Syslog,syslog,network-services,1315,3096,269,,,
2025-05-26 11:01:06,192.168.1.18,157.240.1.35,24222,2222,tcp,allow,Allow-Alt-SSH,alt-ssh,remote-access,1173,7978,2161,,,
2025-05-26 11:02:48,192.168.1.27,185.100.87.202,11719,500,udp,allow,Allow-IKE,ike,vpn,1307,6811,6687,,,
2025-05-26 11:02:56,192.168.1.90,188.166.0.1,18770,53,udp,allow,Allow-DNS,dns,dns,1461,6420,7228,,,
2025-05-26 11:05:18,192.168.1.43,104.210.2.201,46336,21,tcp,allow,Allow-FTP-Control,ftp-control,file-transfer,1358,277,6953,,,
2025-05-26 11:05:20,192.168.1.57,198.51.100.200,1523,6379,tcp,allow,Allow-Redis,redis,database,1235,8485,4976,,,
2025-05-26 11:05:31,192.168.1.88,149.154.167.50,31325,20,tcp,allow,Allow-FTP-Data,ftp-data,file-transfer,1443,7215,2286,,,
2025-05-26 11:05:35,192.168.1.54,74.125.140.109,53590,6667,tcp,allow,Allow-IRC,irc,malware,1137,7205,3055,,,
2025-05-26 11:05:36,192.168.1.96,185.234.219.241,12609,5353,udp,allow,Allow-mDNS,mdns,dns,1157,5137,1370,,,
2025-05-26 11:06:07,192.168.1.19,ph1sh-now-login.com,61450,6379,tcp,allow,Allow-Redis,redis,database,1329,6214,6968,30572,https://ph1sh-now-login.com/login,
2025-05-26 11:08:32,192.168.1.22,172.217.22.14,20750,80,tcp,allow,Allow-HTTP,http,web,1241,2797,6160,,,"""Thunderbird/91.10.0"""
2025-05-26 11:08:42,192.168.1.94,172.64.32.132,54058,443,tcp,allow,Allow-HTTPS,https,web,1234,8946,710,,,
2025-05-26 11:10:00,192.168.1.37,203.0.113.99,25459,1433,tcp,allow,Allow-MS-SQL,mssql,database,1312,3052,4650,,,
2025-05-26 11:10:28,192.168.1.55,31.13.71.36,26873,7,udp,allow,Allow-Echo,echo,network-services,1412,2320,5838,,,
2025-05-26 11:10:40,192.168.1.58,54.37.0.1,65395,514,udp,allow,Allow-Syslog,syslog,network-services,1490,8708,1674,,,
2025-05-26 11:10:50,192.168.1.82,198.51.100.77,62316,3128,tcp,allow,Allow-HTTP-Proxy,http-proxy,remote-access,1314,5474,5607,,,
2025-05-26 11:11:24,192.168.1.69,142.250.64.78,62156,3306,tcp,allow,Allow-MySQL,mysql,database,1292,1414,5002,,,
2025-05-26 11:11:44,192.168.1.11,74.125.140.109,48568,6667,tcp,allow,Allow-IRC,irc,malware,1304,4424,2286,,,
2025-05-26 11:12:00,192.168.1.26,13.107.246.10,54219,1194,udp,allow,Allow-OpenVPN,openvpn,vpn,1330,115,5008,,,
2025-05-26 11:12:05,192.168.1.24,192.198.80.3,2186,69,udp,allow,Allow-TFTP,tftp,file-transfer,1317,7744,5139,,,
2025-05-26 11:12:18,192.168.1.60,login-verification.site,19793,5353,udp,allow,Allow-mDNS,mdns,dns,1441,3631,7367,25851,https://login-verification.site/login,
2025-05-26 11:16:00,192.168.1.55,147.253.224.2,26903,143,tcp,allow,Allow-IMAP,imap,email,1204,2046,8824,,,"""Slackbot-LinkExpanding 1.0 (+https://api.slack.com/robots)"""
2025-05-26 11:16:00,192.168.1.51,172.65.251.78,29729,22,tcp,allow,Allow-SSH,ssh,file-transfer,1272,1816,789,,,
2025-05-26 11:17:57,192.168.1.49,172.65.251.78,56869,636,tcp,allow,Allow-LDAPS,ldaps,directory-auth,1267,5738,6588,,,
2025-05-26 11:19:20,192.168.1.40,140.82.114.3,48193,3389,tcp,allow,Allow-RDP,rdp,remote-access,1440,2410,8450,,,
2025-05-26 11:19:42,192.168.1.69,54.37.0.1,49567,6379,tcp,allow,Allow-Redis,redis,database,1254,3010,7333,,,
2025-05-26 11:19:58,192.168.1.53,23.23.23.23,49721,6667,tcp,allow,Allow-IRC,irc,malware,1494,1894,5317,,,
2025-05-26 11:20:04,192.168.1.51,209.85.231.108,51419,10000,udp,allow,Allow-Media,media,voip,1191,2581,3641,,,
2025-05-26 11:20:21,192.168.1.67,172.217.16.206,25280,1433,tcp,allow,Allow-MS-SQL,mssql,database,1401,4586,7570,,,
2025-05-26 11:21:13,192.168.1.43,185.234.219.241,58746,25,tcp,allow,Allow-SMTP,smtp,email,1229,2518,5630,,,"""Googlebot/2.1 (+http://www.google.com/bot.html)"""
2025-05-26 11:21:36,192.168.1.48,185.60.216.35,62091,1433,tcp,allow,Allow-MS-SQL,mssql,database,1236,1503,8063,,,
2025-05-26 11:22:06,192.168.1.75,64.233.186.27,2833,389,tcp,allow,Allow-LDAP,ldap,directory-auth,1203,6322,7646,,,
2025-05-26 11:22:14,192.168.1.68,52.95.245.0,53835,22,tcp,allow,Allow-SSH,ssh,file-transfer,1251,8126,2573,,,
2025-05-26 11:22:30,192.168.1.33,185.100.87.202,15922,636,tcp,allow,Allow-LDAPS,ldaps,directory-auth,1150,6111,2703,,,
2025-05-26 11:23:00,192.168.1.91,203.0.113.45,60853,5601,tcp,allow,Allow-Kibana,kibana,cloud,1156,5955,2634,,,
2025-05-26 11:23:22,192.168.1.70,142.250.64.78,12031,80,tcp,allow,Allow-HTTP,http,web,1391,2843,3145,,,"""Teams/1416.1.0.0 (Mac OS X)"""
2025-05-26 11:23:26,192.168.1.57,52.95.245.0,58562,646,tcp,allow,Allow-LDP,ldp,remote-access,1331,2002,1706,,,
2025-05-26 11:23:33,192.168.1.75,185.100.87.202,27550,1720,tcp,allow,Allow-H323,h323,voip,1297,5538,6316,,,
2025-05-26 11:23:45,192.168.1.78,192.30.255.113,12110,12345,tcp,allow,Allow-NetBus,netbus,malware,1375,7395,4767,,,
2025-05-26 11:24:10,192.168.1.55,192.0.2.80,20737,443,tcp,allow,Allow-HTTPS,https,web,1346,6129,3024,,,
2025-05-26 11:24:30,192.168.1.88,149.154.167.50,58341,4444,tcp,allow,Allow-Metasploit,metasploit,malware,1255,3806,123,,,
2025-05-26 11:24:31,192.168.1.20,64.233.186.27,65001,162,udp,allow,Allow-SNMP-Trap,snmp-trap,network-services,1377,3065,2391,,,
2025-05-26 11:25:22,192.168.1.71,20.81.111.85,28758,88,tcp,allow,Allow-Kerberos,kerberos,directory-auth,1178,7876,473,,,
2025-05-26 11:26:18,192.168.1.21,192.198.80.3,61902,123,udp,allow,Allow-NTP,ntp,network-services,1418,8998,6492,,,
2025-05-26 11:27:12,192.168.1.15,178.62.1.1,55570,3306,tcp,allow,Allow-MySQL,mysql,database,1368,4594,590,,,
2025-05-26 11:27:20,192.168.1.63,140.82.114.3,7762,179,tcp,allow,Allow-BGP,bgp,network-services,1260,7055,2288,,,
2025-05-26 11:28:40,192.168.1.65,172.65.251.78,18530,143,tcp,allow,Allow-IMAP,imap,email,1446,3023,1320,,,"""Slackbot-LinkExpanding 1.0 (+https://api.slack.com/robots)"""
2025-05-26 11:28:48,192.168.1.68,172.65.251.78,21304,1194,udp,allow,Allow-OpenVPN,openvpn,vpn,1248,4503,519,,,
2025-05-26 11:29:07,192.168.1.93,192.0.2.80,53042,873,tcp,allow,Allow-Rsync,rsync,remote-access,1389,2510,7566,,,
2025-05-26 11:29:20,192.168.1.76,74.125.140.109,59588,389,tcp,allow,Allow-LDAP,ldap,directory-auth,1160,6529,6714,,,
2025-05-26 11:29:35,192.168.1.36,52.95.245.0,18376,12345,tcp,allow,Allow-NetBus,netbus,malware,1359,4727,3883,,,
2025-05-26 11:31:03,192.168.1.60,15.230.0.0,5716,8086,tcp,allow,Allow-InfluxDB,influxdb,cloud,1477,7495,7286,,,
2025-05-26 11:31:12,192.168.1.22,ph1sh-now-login.com,31183,2222,tcp,allow,Allow-Alt-SSH,alt-ssh,remote-access,1216,5792,8585,39557,https://ph1sh-now-login.com/login,
2025-05-26 11:32:25,192.168.1.54,23.23.23.23,27947,8443,tcp,allow,Allow-HTTPS-Alt,https-alt,web,1295,6086,4928,,,
2025-05-26 11:32:44,192.168.1.88,8.8.4.4,5074,54321,tcp,allow,Allow-MiscExploit,misc-exploit,malware,1316,866,8971,,,
2025-05-26 11:34:00,192.168.1.20,1.1.1.1,54534,12345,tcp,allow,Allow-NetBus,netbus,malware,1168,3399,5903,,,
2025-05-26 11:35:15,192.168.1.12,172.65.251.78,42612,21,tcp,allow,Allow-FTP-Control,ftp-control,file-transfer,1207,6671,2671,,,
2025-05-26 11:35:20,192.168.1.38,203.0.113.99,26959,2222,tcp,allow,Allow-Alt-SSH,alt-ssh,remote-access,1233,1971,4011,,,
2025-05-26 11:36:01,192.168.1.59,140.82.114.3,61124,500,udp,allow,Allow-IKE,ike,vpn,1407,5352,1336,,,
2025-05-26 11:36:06,192.168.1.76,104.198.14.52,39828,88,tcp,allow,Allow-Kerberos,kerberos,directory-auth,1223,5498,1896,,,
2025-05-26 11:36:36,192.168.1.82,5.196.0.1,52918,520,udp,allow,Allow-RIP,rip,network-services,1162,948,482,,,
2025-05-26 11:40:36,192.168.1.46,172.217.22.14,2389,443,tcp,allow,Allow-HTTPS,https,web,1219,6338,6932,,,
2025-05-26 11:40:39,192.168.1.86,192.198.80.3,17867,27017,tcp,allow,Allow-MongoDB,mongodb,database,1189,4576,1330,,,
2025-05-26 11:41:00,192.168.1.89,102.132.97.0,42278,80,tcp,allow,Allow-HTTP,http,web,1345,905,501,,,"""Opera/9.80 (Windows NT 6.0) Presto/2.12.388 Version/12.14"""
2025-05-26 11:41:00,192.168.1.50,69.63.176.13,18347,514,udp,allow,Allow-Syslog,syslog,network-services,1420,5361,8484,,,
2025-05-26 11:41:15,192.168.1.83,104.198.14.52,25862,20,tcp,allow,Allow-FTP-Data,ftp-data,file-transfer,1215,6056,6616,,,
2025-05-26 11:42:04,192.168.1.52,69.63.176.13,9905,110,tcp,allow,Allow-POP3,pop3,email,1286,1431,4743,,,"""Python-urllib/3.11"""
2025-05-26 11:43:22,192.168.1.48,31.13.71.36,24663,21,tcp,allow,Allow-FTP-Control,ftp-control,file-transfer,1169,2985,2062,,,
2025-05-26 11:44:42,192.168.1.17,151.101.1.69,18862,389,tcp,allow,Allow-LDAP,ldap,directory-auth,1183,7464,6718,,,
2025-05-26 11:45:00,192.168.1.23,104.21.64.45,7838,636,tcp,allow,Allow-LDAPS,ldaps,directory-auth,1275,3172,234,,,
2025-05-26 11:47:16,192.168.1.99,198.244.112.0,62305,21,tcp,allow,Allow-FTP-Control,ftp-control,file-transfer,1386,2938,1112,,,
2025-05-26 11:48:36,192.168.1.86,203.0.113.99,55126,2222,tcp,allow,Allow-Alt-SSH,alt-ssh,remote-access,1281,1459,6089,,,
2025-05-26 11:48:52,192.168.1.36,13.224.0.0,43428,123,udp,allow,Allow-NTP,ntp,network-services,1298,4250,1805,,,
2025-05-26 11:49:45,192.168.1.63,203.0.113.99,35320,500,udp,allow,Allow-IKE,ike,vpn,1485,3407,2454,,,
2025-05-26 11:52:04,192.168.1.74,178.62.1.1,36722,6379,tcp,allow,Allow-Redis,redis,database,1356,4381,8455,,,
2025-05-26 11:53:42,192.168.1.64,209.85.231.108,30341,5061,tcp,allow,Allow-SIP-TLS,sip-tls,voip,1193,934,7819,,,
2025-05-26 11:54:00,192.168.1.35,104.17.175.85,32952,873,tcp,allow,Allow-Rsync,rsync,remote-access,1232,5263,5542,,,
2025-05-26 11:55:00,192.168.1.95,198.51.100.200,57885,514,udp,allow,Allow-Syslog,syslog,network-services,1210,289,8858,,,
2025-05-26 11:55:45,192.168.1.12,149.154.167.50,7376,5900,tcp,allow,Allow-VNC,vnc,remote-access,1185,4325,6405,,,
2025-05-26 11:56:40,192.168.1.10,147.253.224.2,44556,2222,tcp,allow,Allow-Alt-SSH,alt-ssh,remote-access,1424,4167,6437,,,
2025-05-26 11:57:20,192.168.1.56,192.0.2.80,36850,69,udp,allow,Allow-TFTP,tftp,file-transfer,1190,1952,4997,,,
2025-05-26 11:57:30,192.168.1.37,104.210.2.201,17816,636,tcp,allow,Allow-LDAPS,ldaps,directory-auth,1355,8155,2345,,,
2025-05-26 11:57:50,192.168.1.14,157.240.1.35,58620,162,udp,allow,Allow-SNMP-Trap,snmp-trap,network-services,1194,601,6676,,,
2025-05-26 11:58:26,192.168.1.66,5.196.0.1,35272,520,udp,allow,Allow-RIP,rip,network-services,1202,2334,8286,,,
2025-05-26 11:59:40,192.168.1.32,198.51.100.77,18325,25,tcp,allow,Allow-SMTP,smtp,email,1220,5245,2661,,,"""PostmanRuntime/7.32.2"""
2025-05-26 11:59:48,192.168.1.64,104.210.2.201,13582,1433,tcp,allow,Allow-MS-SQL,mssql,database,1348,5690,3420,,,
2025-05-26 12:04:40,192.168.1.25,142.250.64.78,58171,53,udp,allow,Allow-DNS,dns,dns,1277,2016,368,,,
2025-05-26 12:04:48,192.168.1.15,104.244.42.1,23709,31337,tcp,allow,Allow-BackOrifice,back-orifice,malware,1198,4456,4608,,,
2025-05-26 12:05:04,192.168.1.25,13.107.246.10,42997,8080,tcp,allow,Allow-HTTP-Alt,http-alt,web,1347,4150,3831,,,
2025-05-26 12:05:25,192.168.1.80,37.252.14.66,61564,5601,tcp,allow,Allow-Kibana,kibana,cloud,1445,7152,3440,,,
2025-05-26 12:05:30,192.168.1.12,102.132.97.0,27215,123,udp,allow,Allow-NTP,ntp,network-services,1371,8313,4487,,,
2025-05-26 12:06:00,192.168.1.54,1.1.1.1,8857,500,udp,allow,Allow-IKE,ike,vpn,1465,4218,1197,,,
2025-05-26 12:06:18,192.168.1.62,192.30.255.113,22501,4500,udp,allow,Allow-NAT-T,nat-t,vpn,1414,2561,5180,,,
2025-05-26 12:07:15,192.168.1.51,8.8.4.4,61086,995,tcp,allow,Allow-POP3S,pop3s,email,1321,1744,6881,,,"""Outlook/16.0 (Windows NT 10.0; Win64; x64)"""
2025-05-26 12:07:30,192.168.1.51,104.198.14.52,54373,5060,udp,allow,Allow-SIP,sip,voip,1450,6577,7624,,,
2025-05-26 12:09:42,192.168.1.73,203.0.113.99,44142,636,tcp,allow,Allow-LDAPS,ldaps,directory-auth,1271,7573,3292,,,
2025-05-26 12:09:54,192.168.1.78,203.0.113.45,63181,989,tcp,allow,Allow-FTPS-Data,ftps-data,file-transfer,1422,1730,5685,,,
2025-05-26 12:09:56,192.168.1.77,malicious-updates.net,21867,12345,tcp,allow,Allow-NetBus,netbus,malware,1308,5241,8659,33953,https://malicious-updates.net/login,
2025-05-26 12:11:15,192.168.1.49,104.244.42.1,29056,27017,tcp,allow,Allow-MongoDB,mongodb,database,1459,4263,7903,,,
2025-05-26 12:12:22,192.168.1.48,198.51.100.77,48954,3306,tcp,allow,Allow-MySQL,mysql,database,1199,5907,1801,,,
2025-05-26 12:13:40,192.168.1.97,office365-checkin.info,45585,7,udp,allow,Allow-Echo,echo,network-services,1332,153,6752,,,
2025-05-26 12:14:15,192.168.1.37,102.132.97.0,39536,5060,udp,allow,Allow-SIP,sip,voip,1333,5180,8939,,,
2025-05-26 12:17:20,192.168.1.65,172.217.22.14,20677,500,udp,allow,Allow-IKE,ike,vpn,1370,5211,7894,,,
2025-05-26 12:17:36,192.168.1.66,172.65.251.78,54484,54321,tcp,allow,Allow-MiscExploit,misc-exploit,malware,1456,1359,5162,,,
2025-05-26 12:18:24,192.168.1.22,198.51.100.77,19944,5353,udp,allow,Allow-mDNS,mdns,dns,1372,1622,4518,,,
2025-05-26 12:18:34,192.168.1.66,104.16.132.229,7849,500,udp,allow,Allow-IKE,ike,vpn,1322,5772,5381,,,
2025-05-26 12:18:45,192.168.1.65,104.21.64.45,5322,6667,tcp,allow,Allow-IRC,irc,malware,1265,6932,8303,,,
2025-05-26 12:20:40,192.168.1.19,51.254.0.1,30301,5000,tcp,allow,Allow-Flask-API,flask-api,cloud,1344,7838,1289,,,
2025-05-26 12:21:02,192.168.1.27,13.224.0.0,31853,587,tcp,allow,Allow-SMTP-Sub,smtp-submission,email,1326,8784,8103,,,
2025-05-26 12:21:24,192.168.1.25,185.107.56.253,59546,31337,tcp,allow,Allow-BackOrifice,back-orifice,malware,1212,5598,2111,,,
2025-05-26 12:22:55,192.168.1.32,142.250.64.78,2855,54321,tcp,allow,Allow-MiscExploit,misc-exploit,malware,1487,8679,521,,,
2025-05-26 12:23:51,192.168.1.12,18.184.0.0,23148,989,tcp,allow,Allow-FTPS-Data,ftps-data,file-transfer,1453,5652,6369,,,
2025-05-26 12:24:34,192.168.1.76,185.234.219.241,41066,8080,tcp,allow,Allow-HTTP-Alt,http-alt,web,1361,3946,6805,,,
2025-05-26 12:24:36,192.168.1.93,198.244.112.0,4617,12345,tcp,allow,Allow-NetBus,netbus,malware,1396,6749,3379,,,
2025-05-26 12:25:12,192.168.1.36,104.16.132.229,39208,5900,tcp,allow,Allow-VNC,vnc,remote-access,1228,8802,489,,,
2025-05-26 12:25:25,192.168.1.22,151.101.1.69,27705,1433,tcp,allow,Allow-MS-SQL,mssql,database,1425,2486,7925,,,
2025-05-26 12:25:38,192.168.1.19,13.224.0.0,64389,995,tcp,allow,Allow-POP3S,pop3s,email,1398,8757,494,,,"""Mozilla/5.0 (iPhone; CPU iPhone OS 16_0 like Mac OS X) AppleWebKit/605.1.15 (KHTML, like Gecko) Version/16.0 Mobile/15E148 Safari/604.1"""
2025-05-26 12:27:00,192.168.1.74,198.51.100.200,9792,8086,tcp,allow,Allow-InfluxDB,influxdb,cloud,1276,2453,4267,,,
2025-05-26 12:27:32,192.168.1.20,102.132.97.0,25137,21,tcp,allow,Allow-FTP-Control,ftp-control,file-transfer,1283,4199,4949,,,
2025-05-26 12:27:50,192.168.1.24,185.234.219.241,54119,3306,tcp,allow,Allow-MySQL,mysql,database,1430,822,2628,,,
2025-05-26 12:29:21,192.168.1.23,149.154.167.50,36907,1194,udp,allow,Allow-OpenVPN,openvpn,vpn,1237,5156,3789,,,
2025-05-26 12:29:46,192.168.1.46,18.184.0.0,22255,389,tcp,allow,Allow-LDAP,ldap,directory-auth,1434,2016,4369,,,
2025-05-26 12:29:59,192.168.1.88,93.184.216.34,41722,1521,tcp,allow,Allow-Oracle-DB,oracle-db,database,1293,4293,470,,,
2025-05-26 12:30:56,192.168.1.82,172.217.22.14,22327,1521,tcp,allow,Allow-Oracle-DB,oracle-db,database,1226,4126,6638,,,
2025-05-26 12:33:30,192.168.1.71,104.17.175.85,34956,8443,tcp,allow,Allow-HTTPS-Alt,https-alt,web,1305,1155,5858,,,
2025-05-26 12:34:30,192.168.1.79,142.250.64.78,34444,989,tcp,allow,Allow-FTPS-Data,ftps-data,file-transfer,1390,4672,7007,,,
2025-05-26 12:38:00,192.168.1.72,139.59.196.186,14765,1720,tcp,allow,Allow-H323,h323,voip,1218,411,4952,,,
2025-05-26 12:40:00,192.168.1.12,185.100.87.202,32226,110,tcp,allow,Allow-POP3,pop3,email,1264,8931,6527,,,"""Outlook/16.0 (Windows NT 10.0; Win64; x64)"""
2025-05-26 12:40:00,192.168.1.53,23.23.23.23,23895,115,tcp,allow,Allow-SFTP-Old,sftp-old,file-transfer,1400,4769,2368,,,
2025-05-26 12:40:43,192.168.1.60,8.8.8.8,63017,10000,udp,allow,Allow-Media,media,voip,1323,1783,2685,,,
2025-05-26 12:47:42,192.168.1.70,104.198.14.52,37540,1433,tcp,allow,Allow-MS-SQL,mssql,database,1253,742,465,,,
2025-05-26 12:47:48,192.168.1.40,8.8.4.4,13513,115,tcp,allow,Allow-SFTP-Old,sftp-old,file-transfer,1268,8261,1041,,,
2025-05-26 12:48:15,192.168.1.87,13.107.246.10,1105,646,tcp,allow,Allow-LDP,ldp,remote-access,1249,7082,1216,,,
2025-05-26 12:52:32,192.168.1.91,149.154.167.50,19373,31337,tcp,allow,Allow-BackOrifice,back-orifice,malware,1436,838,7510,,,
2025-05-26 12:53:48,192.168.1.23,188.166.0.1,37591,7,udp,allow,Allow-Echo,echo,network-services,1334,3921,8570,,,
2025-05-26 12:54:36,192.168.1.29,172.64.32.132,1949,1194,udp,allow,Allow-OpenVPN,openvpn,vpn,1306,6151,4510,,,
2025-05-26 12:54:54,192.168.1.39,20.81.111.85,13988,3306,tcp,allow,Allow-MySQL,mysql,database,1261,8605,763,,,
2025-05-26 12:55:48,192.168.1.39,8.8.8.8,3281,53,udp,allow,Allow-DNS,dns,dns,1262,4990,8956,,,
2025-05-26 13:00:13,192.168.1.73,147.253.224.2,6363,8086,tcp,allow,Allow-InfluxDB,influxdb,cloud,1497,4599,947,,,
2025-05-26 13:02:40,192.168.1.38,185.100.87.202,45626,23,tcp,allow,Allow-Telnet,telnet,remote-access,1455,5605,8624,,,
2025-05-26 13:03:21,192.168.1.38,37.252.14.66,10213,990,tcp,allow,Allow-FTPS-Control,ftps-control,file-transfer,1471,3571,2117,,,
2025-05-26 13:03:45,192.168.1.14,192.198.80.3,7491,2376,tcp,allow,Allow-Docker-TLS,docker-tls,cloud,1325,6561,6219,,,
2025-05-26 13:04:09,192.168.1.67,198.51.100.77,32941,162,udp,allow,Allow-SNMP-Trap,snmp-trap,network-services,1257,6996,2012,,,
2025-05-26 13:05:06,192.168.1.37,209.85.231.108,42579,990,tcp,allow,Allow-FTPS-Control,ftps-control,file-transfer,1342,8036,4023,,,
2025-05-26 13:05:24,192.168.1.32,54.37.0.1,64922,443,tcp,allow,Allow-HTTPS,https,web,1409,3195,3748,,,
2025-05-26 13:05:28,192.168.1.57,54.37.0.1,9367,1521,tcp,allow,Allow-Oracle-DB,oracle-db,database,1263,4607,5572,,,
2025-05-26 13:06:00,192.168.1.25,13.107.246.10,5261,646,tcp,allow,Allow-LDP,ldp,remote-access,1492,2030,1747,,,
2025-05-26 13:06:24,192.168.1.19,192.0.2.80,55775,1433,tcp,allow,Allow-MS-SQL,mssql,database,1448,1152,6729,,,
2025-05-26 13:06:30,192.168.1.50,142.250.64.78,56954,8086,tcp,allow,Allow-InfluxDB,influxdb,cloud,1290,7337,8428,,,
2025-05-26 13:07:06,192.168.1.40,13.107.246.10,4719,8443,tcp,allow,Allow-HTTPS-Alt,https-alt,web,1353,7133,3401,,,
2025-05-26 13:07:52,192.168.1.82,15.230.0.0,36659,12345,tcp,allow,Allow-NetBus,netbus,malware,1338,100,3624,,,
2025-05-26 13:08:03,192.168.1.57,104.210.2.201,61353,993,tcp,allow,Allow-IMAPS,imaps,email,1363,4991,8264,,,"""Outlook/16.0 (Windows NT 10.0; Win64; x64)"""
2025-05-26 13:09:05,192.168.1.86,104.21.64.45,34661,31337,tcp,allow,Allow-BackOrifice,back-orifice,malware,1427,149,5002,,,
2025-05-26 13:09:20,192.168.1.77,206.189.0.1,41318,2222,tcp,allow,Allow-Alt-SSH,alt-ssh,remote-access,1340,5623,1480,,,
2025-05-26 13:09:36,192.168.1.78,74.125.140.109,61577,6667,tcp,allow,Allow-IRC,irc,malware,1288,4893,7886,,,
2025-05-26 13:09:36,192.168.1.32,104.210.2.201,22025,3268,tcp,allow,Allow-Global-Catalog,global-catalog,directory-auth,1384,7404,6352,,,
2025-05-26 13:10:15,192.168.1.17,172.64.32.132,50851,873,tcp,allow,Allow-Rsync,rsync,remote-access,1273,1566,7950,,,
2025-05-26 13:13:48,192.168.1.67,185.100.87.202,26616,5900,tcp,allow,Allow-VNC,vnc,remote-access,1324,7706,406,,,
2025-05-26 13:14:55,192.168.1.48,209.85.231.108,27494,1720,tcp,allow,Allow-H323,h323,voip,1437,7819,8308,,,
2025-05-26 13:16:00,192.168.1.95,malicious-updates.net,12747,3268,tcp,allow,Allow-Global-Catalog,global-catalog,directory-auth,1480,6359,4754,33559,https://malicious-updates.net/login,
2025-05-26 13:17:03,192.168.1.84,malicious-updates.net,3390,6667,tcp,allow,Allow-IRC,irc,malware,1291,1326,6878,33713,https://malicious-updates.net/login,
2025-05-26 13:23:12,192.168.1.71,192.0.2.80,16889,179,tcp,allow,Allow-BGP,bgp,network-services,1336,6123,4550,,,
2025-05-26 13:23:28,192.168.1.35,157.240.1.35,18454,20,tcp,allow,Allow-FTP-Data,ftp-data,file-transfer,1416,8238,1979,,,
2025-05-26 13:24:00,192.168.1.46,18.184.0.0,5212,989,tcp,allow,Allow-FTPS-Data,ftps-data,file-transfer,1360,4959,4390,,,
2025-05-26 13:24:21,192.168.1.49,188.166.0.1,12384,110,tcp,allow,Allow-POP3,pop3,email,1311,168,7157,,,"""Slackbot-LinkExpanding 1.0 (+https://api.slack.com/robots)"""
2025-05-26 13:25:12,192.168.1.67,ph1sh-now-login.com,42505,27017,tcp,allow,Allow-MongoDB,mongodb,database,1408,6778,4946,35707,https://ph1sh-now-login.com/login,
2025-05-26 13:27:52,192.168.1.79,172.65.251.78,53331,21,tcp,allow,Allow-FTP-Control,ftp-control,file-transfer,1392,6590,2294,,,
2025-05-26 13:28:20,192.168.1.33,172.65.251.78,36898,25,tcp,allow,Allow-SMTP,smtp,email,1350,7535,1978,,,"""Thunderbird/91.10.0"""
2025-05-26 13:29:30,192.168.1.16,203.0.113.99,55109,2375,tcp,allow,Allow-Docker-API,docker-api,cloud,1385,8754,4919,,,
2025-05-26 13:30:40,192.168.1.85,8.8.8.8,23456,514,udp,allow,Allow-Syslog,syslog,network-services,1464,101,2635,,,
2025-05-26 13:32:48,192.168.1.15,69.63.176.13,34550,5061,tcp,allow,Allow-SIP-TLS,sip-tls,voip,1496,153,587,,,
2025-05-26 13:33:23,192.168.1.39,31.13.71.36,13574,1521,tcp,allow,Allow-Oracle-DB,oracle-db,database,1349,6694,1037,,,
2025-05-26 13:33:48,192.168.1.17,203.0.113.45,65186,8443,tcp,allow,Allow-HTTPS-Alt,https-alt,web,1444,4822,6807,,,
2025-05-26 13:36:16,192.168.1.74,45.33.32.156,27892,110,tcp,allow,Allow-POP3,pop3,email,1296,3331,5867,,,"""Mozilla/5.0 (Linux; Android 12; SM-G991B) AppleWebKit/537.36 (KHTML, like Gecko) Chrome/123.0.0.0 Mobile Safari/537.36"""
2025-05-26 13:37:12,192.168.1.50,104.21.64.45,64908,3306,tcp,allow,Allow-MySQL,mysql,database,1378,3043,2078,,,
2025-05-26 13:38:12,192.168.1.73,139.59.196.186,50895,5601,tcp,allow,Allow-Kibana,kibana,cloud,1428,1074,5042,,,
2025-05-26 13:39:04,192.168.1.95,185.199.110.153,46044,31337,tcp,allow,Allow-BackOrifice,back-orifice,malware,1299,1705,7649,,,
2025-05-26 13:43:30,192.168.1.22,142.250.64.78,53955,1433,tcp,allow,Allow-MS-SQL,mssql,database,1486,6191,5990,,,
2025-05-26 13:44:00,192.168.1.64,64.233.186.27,17029,7,udp,allow,Allow-Echo,echo,network-services,1284,5378,8708,,,
2025-05-26 13:44:12,192.168.1.53,13.224.0.0,48578,1701,udp,allow,Allow-L2TP,l2tp,vpn,1294,3525,1133,,,
2025-05-26 13:47:18,192.168.1.62,198.51.100.200,62525,1701,udp,allow,Allow-L2TP,l2tp,vpn,1442,673,2872,,,
2025-05-26 13:52:08,192.168.1.42,13.107.246.10,30643,2376,tcp,allow,Allow-Docker-TLS,docker-tls,cloud,1313,6376,7861,,,
2025-05-26 13:53:20,192.168.1.13,192.198.80.3,13545,1194,udp,allow,Allow-OpenVPN,openvpn,vpn,1320,4251,7743,,,
2025-05-26 13:53:24,192.168.1.97,74.125.140.109,61792,20,tcp,allow,Allow-FTP-Data,ftp-data,file-transfer,1489,1886,8496,,,
2025-05-26 13:53:50,192.168.1.51,3.5.140.0,45859,1521,tcp,allow,Allow-Oracle-DB,oracle-db,database,1410,8527,8370,,,
2025-05-26 13:55:23,192.168.1.37,198.51.100.77,28592,53,udp,allow,Allow-DNS,dns,dns,1479,2283,1934,,,
2025-05-26 13:56:16,192.168.1.62,93.184.216.34,25391,3306,tcp,allow,Allow-MySQL,mysql,database,1404,5104,3753,,,
2025-05-26 13:57:28,192.168.1.72,192.0.2.80,14225,3306,tcp,allow,Allow-MySQL,mysql,database,1388,1327,2576,,,
2025-05-26 14:01:24,192.168.1.34,198.51.100.77,1483,1720,tcp,allow,Allow-H323,h323,voip,1411,6087,5475,,,
2025-05-26 14:08:52,192.168.1.32,102.132.97.0,7237,5601,tcp,allow,Allow-Kibana,kibana,cloud,1452,2399,6723,,,
2025-05-26 14:09:36,192.168.1.20,102.132.97.0,59849,8086,tcp,allow,Allow-InfluxDB,influxdb,cloud,1387,5526,5144,,,
2025-05-26 14:10:56,192.168.1.47,172.65.251.78,56897,143,tcp,allow,Allow-IMAP,imap,email,1352,216,6269,,,"""Outlook/16.0 (Windows NT 10.0; Win64; x64)"""
2025-05-26 14:11:15,192.168.1.90,54.37.0.1,42792,88,tcp,allow,Allow-Kerberos,kerberos,directory-auth,1415,8631,4508,,,
2025-05-26 14:11:57,192.168.1.74,40.76.4.15,44742,5432,tcp,allow,Allow-PostgreSQL,postgresql,database,1367,4976,918,,,
2025-05-26 14:15:12,192.168.1.12,5.196.0.1,6588,995,tcp,allow,Allow-POP3S,pop3s,email,1394,2613,5267,,,"""curl/7.79.1"""
2025-05-26 14:15:24,192.168.1.50,185.107.56.253,45336,5060,udp,allow,Allow-SIP,sip,voip,1498,2314,8403,,,
2025-05-26 14:16:23,192.168.1.11,151.101.1.69,41537,873,tcp,allow,Allow-Rsync,rsync,remote-access,1463,7990,6802,,,
2025-05-26 14:17:48,192.168.1.88,188.166.0.1,13709,54321,tcp,allow,Allow-MiscExploit,misc-exploit,malware,1454,6804,8581,,,
2025-05-26 14:17:54,192.168.1.49,172.65.251.78,65302,162,udp,allow,Allow-SNMP-Trap,snmp-trap,network-services,1374,5682,8571,,,
2025-05-26 14:19:42,192.168.1.52,198.51.100.77,2001,8086,tcp,allow,Allow-InfluxDB,influxdb,cloud,1417,4869,3766,,,
2025-05-26 14:22:00,192.168.1.77,54.37.0.1,42096,123,udp,allow,Allow-NTP,ntp,network-services,1483,7111,1847,,,
2025-05-26 14:33:12,192.168.1.54,51.254.0.1,30676,161,udp,allow,Allow-SNMP,snmp,network-services,1476,4239,5402,,,
2025-05-26 14:38:48,192.168.1.68,40.90.142.60,20014,5601,tcp,allow,Allow-Kibana,kibana,cloud,1484,4759,5590,,,
2025-05-26 14:40:45,192.168.1.59,37.252.14.66,47714,7,udp,allow,Allow-Echo,echo,network-services,1435,8808,7592,,,
2025-05-26 14:42:20,192.168.1.36,102.132.97.0,59836,54321,tcp,allow,Allow-MiscExploit,misc-exploit,malware,1395,8908,5749,,,
2025-05-26 14:44:15,192.168.1.12,104.198.14.52,27214,3268,tcp,allow,Allow-Global-Catalog,global-catalog,directory-auth,1405,8758,7210,,,
2025-05-26 14:45:06,192.168.1.11,203.0.113.99,50570,31337,tcp,allow,Allow-BackOrifice,back-orifice,malware,1357,5596,4094,,,
2025-05-26 14:51:00,192.168.1.50,172.64.32.132,21799,1194,udp,allow,Allow-OpenVPN,openvpn,vpn,1351,4317,7834,,,
2025-05-26 14:52:40,192.168.1.84,172.64.32.132,16695,161,udp,allow,Allow-SNMP,snmp,network-services,1460,2941,2608,,,
2025-05-26 14:52:48,192.168.1.47,198.51.100.200,23079,123,udp,allow,Allow-NTP,ntp,network-services,1432,5924,8777,,,
2025-05-26 14:57:30,192.168.1.98,192.0.2.80,65417,10000,udp,allow,Allow-Media,media,voip,1429,7037,6868,,,
2025-05-26 15:00:03,192.168.1.42,151.101.1.69,3137,53,udp,allow,Allow-DNS,dns,dns,1379,2697,483,,,
2025-05-26 15:01:57,192.168.1.32,140.82.114.3,9437,5432,tcp,allow,Allow-PostgreSQL,postgresql,database,1381,8463,2427,,,
2025-05-26 15:04:49,192.168.1.13,13.224.0.0,7681,990,tcp,allow,Allow-FTPS-Control,ftps-control,file-transfer,1413,4646,2754,,,
2025-05-26 15:06:00,192.168.1.62,52.239.148.88,19371,9200,tcp,allow,Allow-Elasticsearch,elasticsearch,cloud,1366,1923,4498,,,
2025-05-26 15:06:21,192.168.1.54,51.254.0.1,40360,5900,tcp,allow,Allow-VNC,vnc,remote-access,1431,8097,7159,,,
2025-05-26 15:09:32,192.168.1.28,40.90.142.60,9206,5601,tcp,allow,Allow-Kibana,kibana,cloud,1482,5360,7972,,,
2025-05-26 15:30:50,192.168.1.81,139.59.196.186,65291,5601,tcp,allow,Allow-Kibana,kibana,cloud,1469,6748,7019,,,
2025-05-26 15:43:41,192.168.1.31,140.82.114.3,8712,21,tcp,allow,Allow-FTP-Control,ftp-control,file-transfer,1457,1854,3575,,,
2025-05-26 15:46:00,192.168.1.41,37.252.14.66,9836,995,tcp,allow,Allow-POP3S,pop3s,email,1406,603,1897,,,"""Wget/1.21.1 (linux-gnu)"""
2025-05-26 15:46:40,192.168.1.76,139.59.196.186,1160,22,tcp,allow,Allow-SSH,ssh,file-transfer,1488,8753,4844,,,
2025-05-26 15:48:51,192.168.1.81,157.240.1.35,9395,53,udp,allow,Allow-DNS,dns,dns,1481,1093,3756,,,
2025-05-26 15:49:44,192.168.1.73,198.51.100.200,37965,2375,tcp,allow,Allow-Docker-API,docker-api,cloud,1439,5731,1769,,,
2025-05-26 15:52:01,192.168.1.80,office365-checkin.info,44987,4444,tcp,allow,Allow-Metasploit,metasploit,malware,1419,6018,5138,,,
2025-05-26 15:55:48,192.168.1.46,185.60.216.35,49208,8443,tcp,allow,Allow-HTTPS-Alt,https-alt,web,1462,4075,4176,,,
2025-05-26 16:07:30,192.168.1.25,203.0.113.99,4104,27017,tcp,allow,Allow-MongoDB,mongodb,database,1475,7642,4650,,,
2025-05-26 16:09:00,192.168.1.52,104.198.14.52,4675,4444,tcp,allow,Allow-Metasploit,metasploit,malware,1468,7130,8168,,,
2025-05-26 16:31:26,192.168.1.12,3.5.140.0,26902,53,udp,allow,Allow-DNS,dns,dns,1467,7243,2047,,,
2025-05-26 16:38:00,192.168.1.45,ph1sh-now-login.com,17902,989,tcp,allow,Allow-FTPS-Data,ftps-data,file-transfer,1458,2426,131,30736,https://ph1sh-now-login.com/login,
2025-05-26 16:42:10,192.168.1.96,172.64.32.132,33877,88,tcp,allow,Allow-Kerberos,kerberos,directory-auth,1470,4158,1481,,,
2025-05-26 16:50:02,192.168.1.89,37.252.14.66,35510,1720,tcp,allow,Allow-H323,h323,voip,1478,6627,5401,,,
2025-05-26 16:54:03,192.168.1.89,151.101.1.69,61832,9200,tcp,allow,Allow-Elasticsearch,elasticsearch,cloud,1499,7827,781,,,
2025-05-26 17:04:47,192.168.1.89,198.51.100.200,61349,9200,tcp,allow,Allow-Elasticsearch,elasticsearch,cloud,1493,8175,8855,,,
2025-05-26 17:11:00,192.168.1.94,151.101.1.69,45396,4500,udp,allow,Allow-NAT-T,nat-t,vpn,1491,6235,3085,,,
2025-05-26 17:15:00,192.168.1.12,188.166.0.1,34956,10000,udp,allow,Allow-Media,media,voip,1495,2773,4813,,,
