timestamp,user,machine,os,action,details
2025-06-01 09:00:00,khaled.rafat,PC-192.168.1.55,Windows 7,network_connection,"dest_ip=192.168.1.225 dest_port=60029 protocol=SMB description=""Outbound connection attempt"""
2025-06-01 09:00:40,fadi.kassem,PC-192.168.1.145,macOS Catalina,service_stopped,"service_name=""WinDefend"" description=""Service stopped"""
2025-06-01 09:01:32,manal.rashid,PC-192.168.1.39,macOS Big Sur,process_creation,"process_name=Slack.exe arguments=""/c Get-Content C:\Users\user\Documents\passwords.txt"" description=""Process created"""
2025-06-01 09:02:14,salwa.hamdi,PC-192.168.1.32,Android 11,clipboard_access,"description=""Clipboard accessed"""
2025-06-01 09:03:02,zainab.karim,PC-192.168.1.245,macOS Monterey,file_deleted,"file_path=""C:\\Users\\zainab.karim\\Documents\\oldfile.rar"" description=""File deleted"""
2025-06-01 09:03:47,mohamed.hassan,PC-192.168.1.123,Windows Server 2022,service_stopped,"service_name=""WinDefend"" description=""Service stopped"""
2025-06-01 09:03:54,fatima.alami,PC-192.168.1.121,macOS Catalina,clipboard_access,"description=""Clipboard accessed"""
2025-06-01 09:04:18,rima.bashir,PC-192.168.1.142,Windows Server 2022,email_sent,"email_subject=""Monthly report"" recipient=""boss@secure-file-exchange.org"" description=""User sent email"""
2025-06-01 09:04:36,lina.abdulaziz,PC-192.168.1.228,Windows 10,logout,"description=""User lina.abdulaziz logged out"""
2025-06-01 09:04:37,muna.bakr,PC-192.168.1.115,Windows Server 2016,file_decrypted,"file_path=""C:\\Users\\muna.bakr\\Documents\\secret.docx"" description=""File decrypted"""
2025-06-01 09:05:09,zahra.mahdi,PC-192.168.1.53,iOS 14,usb_drive_mounted,"drive_letter=""E:"" description=""USB drive mounted"""
2025-06-01 09:06:03,yara.khaled,PC-192.168.1.122,Ubuntu 22.04,network_connection,"dest_ip=192.168.1.184 dest_port=34212 protocol=HLS description=""Outbound connection attempt"""
2025-06-01 09:06:41,omar.salem,PC-192.168.1.212,Windows 10,email_clicked,"email_subject=""Invoice update"" url=""http://security-authenticate.com/login"" description=""User clicked suspicious link"""
2025-06-01 09:07:06,sawsan.mansour,PC-192.168.1.11,Ubuntu 20.04,password_changed,"description=""User changed password"""
2025-06-01 09:07:11,zaki.bahaa,PC-192.168.1.199,Windows 11,software_uninstalled,"software_name=""Adobe Reader"" description=""Software uninstalled"""
2025-06-01 09:08:00,muna.rashid,PC-192.168.1.59,Android 12,clipboard_access,"description=""Clipboard accessed"""
2025-06-01 09:08:11,salma.hamdan,PC-192.168.1.44,Fedora 36,file_decrypted,"file_path=""C:\\Users\\salma.hamdan\\Documents\\secret.py"" description=""File decrypted"""
2025-06-01 09:08:22,hala.sharif,PC-192.168.1.139,Red Hat Enterprise Linux 9,process_creation,"process_name=virtualbox.exe arguments=""/c sc query"" description=""Process created"""
2025-06-01 09:08:52,farid.shaheen,PC-192.168.1.123,Windows Server 2022,service_stopped,"service_name=""WinDefend"" description=""Service stopped"""
2025-06-01 09:09:21,mariyam.farid,PC-192.168.1.120,Windows Server 2019,screen_lock,"description=""User locked the screen"""
2025-06-01 09:09:36,zaina.karim,PC-192.168.1.158,iOS 15,service_started,"service_name=""WinDefend"" description=""Service started"""
2025-06-01 09:10:10,lina.abdulaziz,PC-192.168.1.142,CentOS 8,file_modified,"file_path=""C:\\Users\\lina.abdulaziz\\Documents\\notes.xlsx"" description=""File modified"""
2025-06-01 09:10:42,kamilah.mohamed,PC-192.168.1.183,Red Hat Enterprise Linux 9,email_sent,"email_subject=""Monthly report"" recipient=""boss@invoice-portal-mail.com"" description=""User sent email"""
2025-06-01 09:11:14,jamal.alfaraj,PC-192.168.1.178,Red Hat Enterprise Linux 8,alert_av,"alert_level=high description=""Antivirus alert triggered"""
2025-06-01 09:11:49,samah.fahmi,PC-192.168.1.118,Red Hat Enterprise Linux 8,scheduled_task_created,"task_name=""UpdateCheck"" description=""Scheduled task created"""
2025-06-01 09:11:50,farouk.karim,PC-192.168.1.18,Red Hat Enterprise Linux 9,logout,"description=""User farouk.karim logged out"""
2025-06-01 09:12:34,hamza.zaki,PC-192.168.1.140,Windows Server 2022,software_installed,"software_name=""7-Zip"" description=""Software installed"""
2025-06-01 09:12:37,sara.abdelkarim,PC-192.168.1.151,Debian 11,alert_av,"alert_level=critical description=""Antivirus alert triggered"""
2025-06-01 09:13:25,fatma.ismail,PC-192.168.1.159,Android 11,logout,"description=""User fatma.ismail logged out"""
2025-06-01 09:13:58,farid.shaheen,PC-192.168.1.125,FreeBSD 12,close_application,"application=zoom.exe description=""User closed zoom.exe"""
2025-06-01 09:14:24,muna.rashid,PC-192.168.1.19,Ubuntu 22.04,screen_unlock,"description=""User unlocked the screen"""
2025-06-01 09:15:24,wael.abdulrahim,PC-192.168.1.41,macOS Catalina,usb_inserted,"device_id=""USB\VID_1234&PID_5678"" description=""USB device inserted"""
2025-06-01 09:15:47,nidaa.farouk,PC-192.168.1.28,macOS Catalina,file_deleted,"file_path=""C:\\Users\\nidaa.farouk\\Documents\\oldfile.sys"" description=""File deleted"""
2025-06-01 09:16:32,tamer.karim,PC-192.168.1.119,Windows 11,software_uninstalled,"software_name=""Adobe Reader"" description=""Software uninstalled"""
2025-06-01 09:17:22,muhannad.almasri,PC-192.168.1.72,Debian 11,open_application,"application=photoshop.exe description=""User launched photoshop.exe"""
2025-06-01 09:17:51,hassan.amir,PC-192.168.1.181,Windows Server 2022,email_sent,"email_subject=""Monthly report"" recipient=""boss@api-stealer-c2.com"" description=""User sent email"""
2025-06-01 09:17:52,nidaa.farouk,PC-192.168.1.59,Red Hat Enterprise Linux 9,login_failed,"target_user=administrator description=""Failed login attempt"""
2025-06-01 09:18:04,zaki.bahaa,PC-192.168.1.221,FreeBSD 13,open_application,"application=vpnclient.exe description=""User launched vpnclient.exe"""
2025-06-01 09:18:16,saif.alqahtani,PC-192.168.1.66,FreeBSD 13,config_change,"config_item=""FirewallRule"" description=""Firewall configuration changed"""
2025-06-01 09:18:32,sara.abdelkarim,PC-192.168.1.31,Windows Server 2022,credential_dump,"file_path=""C:\\Windows\\System32\\config\\SAM"" description=""Credential dump attempt"""
2025-06-01 09:19:05,fatima.alami,PC-192.168.1.233,Ubuntu 20.04,registry_modified,"reg_path=""HKCU\\Software\\Microsoft\\Windows\\CurrentVersion\\Run"" reg_value=""malware"" description=""Registry key modified"""
2025-06-01 09:19:32,yasin.abdelrahman,PC-192.168.1.34,Red Hat Enterprise Linux 8,email_received,"email_subject=""Invoice update"" sender=""finance@admin-um6p-reset.net"" description=""User received email"""
2025-06-01 09:20:07,rania.faraj,PC-192.168.1.161,Windows 7,logout,"description=""User rania.faraj logged out"""
2025-06-01 09:20:20,basim.zahran,PC-192.168.1.115,Amazon Linux 2,clipboard_access,"description=""Clipboard accessed"""
2025-06-01 09:20:52,shatha.abdallah,PC-192.168.1.176,Windows 11,registry_modified,"reg_path=""HKCU\\Software\\Microsoft\\Windows\\CurrentVersion\\Run"" reg_value=""malware"" description=""Registry key modified"""
2025-06-01 09:21:00,firas.abbas,PC-192.168.1.225,Debian 11,registry_modified,"reg_path=""HKCU\\Software\\Microsoft\\Windows\\CurrentVersion\\Run"" reg_value=""malware"" description=""Registry key modified"""
2025-06-01 09:21:40,farouk.karim,PC-192.168.1.100,Debian 11,login_success,"description=""User farouk.karim logged in successfully"""
2025-06-01 09:22:25,nour.elmasri,PC-192.168.1.231,Red Hat Enterprise Linux 9,software_uninstalled,"software_name=""Adobe Reader"" description=""Software uninstalled"""
2025-06-01 09:22:57,samah.abdelfattah,PC-192.168.1.110,Android 12,dns_tunnel_detected,"dest_domain=secureaccount.net description=""Possible DNS tunneling detected"""
2025-06-01 09:23:42,mona.abdul,PC-192.168.1.41,Android 12,usb_drive_unmounted,"drive_letter=""E:"" description=""USB drive unmounted"""
2025-06-01 09:23:56,nader.shams,PC-192.168.1.223,CentOS 7,file_encrypted,"file_path=""C:\\Users\\nader.shams\\Documents\\secret.pdf"" description=""File encrypted (possible ransomware)"""
2025-06-01 09:24:50,bilal.mansour,PC-192.168.1.102,Fedora 36,clipboard_access,"description=""Clipboard accessed"""
2025-06-01 09:25:41,nisreen.jamal,PC-192.168.1.203,FreeBSD 12,service_started,"service_name=""WinDefend"" description=""Service started"""
2025-06-01 09:26:36,hamza.zaki,PC-192.168.1.150,macOS Monterey,policy_change,"policy_name=""PasswordPolicy"" description=""Group policy changed"""
2025-06-01 09:27:21,sawsan.mansour,PC-192.168.1.216,Windows Server 2019,file_deleted,"file_path=""C:\\Users\\sawsan.mansour\\Documents\\oldfile.txt"" description=""File deleted"""
2025-06-01 09:27:25,jihad.abed,PC-192.168.1.93,Android 11,credential_dump,"file_path=""C:\\Windows\\System32\\config\\SAM"" description=""Credential dump attempt"""
2025-06-01 09:27:54,nader.alsalem,PC-192.168.1.207,Windows 7,config_change,"config_item=""FirewallRule"" description=""Firewall configuration changed"""
2025-06-01 09:28:23,raed.khaled,PC-192.168.1.23,Red Hat Enterprise Linux 9,clipboard_cleared,"description=""Clipboard cleared"""
2025-06-01 09:29:19,jafar.mohamed,PC-192.168.1.15,Windows Server 2019,registry_modified,"reg_path=""HKCU\\Software\\Microsoft\\Windows\\CurrentVersion\\Run"" reg_value=""malware"" description=""Registry key modified"""
2025-06-01 09:29:46,siham.faraj,PC-192.168.1.36,iOS 14,file_access,"file_path=""C:\\Users\\siham.faraj\\Documents\\important.dat"" description=""File accessed"""
2025-06-01 09:30:06,yasir.abdullah,PC-192.168.1.196,Fedora 36,login_failed,"target_user=administrator description=""Failed login attempt"""
2025-06-01 09:30:25,sabir.jarrah,PC-192.168.1.140,CentOS 7,file_access,"file_path=""C:\\Users\\sabir.jarrah\\Documents\\important.vbs"" description=""File accessed"""
2025-06-01 09:31:19,joud.nasser,PC-192.168.1.28,macOS Monterey,software_installed,"software_name=""7-Zip"" description=""Software installed"""
2025-06-01 09:31:28,hamza.zaki,PC-192.168.1.123,macOS Catalina,file_deleted,"file_path=""C:\\Users\\hamza.zaki\\Documents\\oldfile.jar"" description=""File deleted"""
2025-06-01 09:31:48,rana.azzam,PC-192.168.1.197,CentOS 7,privilege_escalation,"process_name=dropbox.exe description=""Privilege escalation attempt detected"""
2025-06-01 09:32:40,zain.ghazal,PC-192.168.1.86,Windows 10,registry_modified,"reg_path=""HKCU\\Software\\Microsoft\\Windows\\CurrentVersion\\Run"" reg_value=""malware"" description=""Registry key modified"""
2025-06-01 09:32:48,reem.taleb,PC-192.168.1.246,Windows 7,file_created,"file_path=""C:\\Users\\reem.taleb\\AppData\\Temp\\malware.7z"" description=""File created"""
2025-06-01 09:33:41,jumana.ghazi,PC-192.168.1.14,macOS Monterey,login_success,"description=""User jumana.ghazi logged in successfully"""
2025-06-01 09:34:17,ghassan.sharif,PC-192.168.1.201,macOS Big Sur,screen_lock,"description=""User locked the screen"""
2025-06-01 09:35:10,zaina.karim,PC-192.168.1.92,Windows 7,email_received,"email_subject=""Invoice update"" sender=""finance@bypass-authentication.org"" description=""User received email"""
2025-06-01 09:35:42,maysa.abdelrahman,PC-192.168.1.92,Debian 10,open_application,"application=Chrome.exe description=""User launched Chrome.exe"""
2025-06-01 09:35:46,kalil.hakim,PC-192.168.1.217,Amazon Linux 2,credential_dump,"file_path=""C:\\Windows\\System32\\config\\SAM"" description=""Credential dump attempt"""
2025-06-01 09:36:01,farouk.karim,PC-192.168.1.191,Windows Server 2019,network_disconnect,"dest_ip=192.168.1.184 description=""Network disconnected"""
2025-06-01 09:36:09,lina.abdulaziz,PC-192.168.1.10,Android 12,file_access,"file_path=""C:\\Users\\lina.abdulaziz\\Documents\\important.vbs"" description=""File accessed"""
2025-06-01 09:37:08,mohamed.hassan,PC-192.168.1.103,Red Hat Enterprise Linux 8,password_changed,"description=""User changed password"""
2025-06-01 09:37:28,nashit.alhadi,PC-192.168.1.128,Windows Server 2022,scheduled_task_deleted,"task_name=""OldBackup"" description=""Scheduled task deleted"""
2025-06-01 09:38:19,ahmed.alhaj,PC-192.168.1.159,macOS Big Sur,vpn_connection,"dest_ip=192.168.1.5 description=""VPN connection established"""
2025-06-01 09:39:17,samar.ridha,PC-192.168.1.33,macOS Big Sur,process_terminated,"process_name=virtualbox.exe description=""Process terminated"""
2025-06-01 09:40:05,noura.abdul,PC-192.168.1.211,macOS Big Sur,software_installed,"software_name=""7-Zip"" description=""Software installed"""
2025-06-01 09:40:27,najat.omar,PC-192.168.1.16,Windows Server 2022,credential_dump,"file_path=""C:\\Windows\\System32\\config\\SAM"" description=""Credential dump attempt"""
2025-06-01 09:41:18,kalil.hakim,PC-192.168.1.117,Windows Server 2016,software_installed,"software_name=""7-Zip"" description=""Software installed"""
2025-06-01 09:41:25,asmaa.rahman,PC-192.168.1.138,Amazon Linux 2,file_deleted,"file_path=""C:\\Users\\asmaa.rahman\\Documents\\oldfile.sh"" description=""File deleted"""
2025-06-01 09:41:48,adil.azzam,PC-192.168.1.235,macOS Catalina,credential_dump,"file_path=""C:\\Windows\\System32\\config\\SAM"" description=""Credential dump attempt"""
2025-06-01 09:42:34,noor.jalal,PC-192.168.1.94,Chrome OS,email_clicked,"email_subject=""Invoice update"" url=""http://secure-user.net/login"" description=""User clicked suspicious link"""
2025-06-01 09:43:05,salim.hadi,PC-192.168.1.142,macOS Monterey,remote_desktop,"dest_ip=192.168.1.128 dest_port=3389 protocol=RDP description=""RDP connection attempt"""
2025-06-01 09:43:51,reem.ali,PC-192.168.1.137,Windows Server 2019,email_clicked,"email_subject=""Invoice update"" url=""http://security-login.net/login"" description=""User clicked suspicious link"""
2025-06-01 09:43:52,lina.abdulaziz,PC-192.168.1.216,Debian 11,email_clicked,"email_subject=""Invoice update"" url=""http://account-login-verify.com/login"" description=""User clicked suspicious link"""
2025-06-01 09:44:46,firas.abbas,PC-192.168.1.173,FreeBSD 13,email_clicked,"email_subject=""Invoice update"" url=""http://account-security.net/login"" description=""User clicked suspicious link"""
2025-06-01 09:45:10,farouk.karim,PC-192.168.1.195,Fedora 36,wifi_connected,"ssid=""UM6P_Guest"" description=""WiFi connected"""
2025-06-01 09:45:40,najwa.bassem,PC-192.168.1.27,iOS 14,screen_lock,"description=""User locked the screen"""
2025-06-01 09:46:12,firas.mohamed,PC-192.168.1.134,macOS Monterey,config_change,"config_item=""FirewallRule"" description=""Firewall configuration changed"""
2025-06-01 09:46:30,yara.khaled,PC-192.168.1.138,Android 12,screen_lock,"description=""User locked the screen"""
2025-06-01 09:47:07,najwa.bassem,PC-192.168.1.219,iOS 15,scheduled_task_deleted,"task_name=""OldBackup"" description=""Scheduled task deleted"""
2025-06-01 09:47:56,aya.zahra,PC-192.168.1.157,FreeBSD 13,alert_av,"alert_level=medium description=""Antivirus alert triggered"""
2025-06-01 09:48:42,omar.hakim,PC-192.168.1.103,Windows 7,software_installed,"software_name=""7-Zip"" description=""Software installed"""
2025-06-01 09:49:37,kareem.jamal,PC-192.168.1.114,macOS Monterey,config_change,"config_item=""FirewallRule"" description=""Firewall configuration changed"""
2025-06-01 09:50:00,mohamed.hassan,PC-192.168.1.203,macOS Monterey,file_encrypted,"file_path=""C:\\Users\\mohamed.hassan\\Documents\\secret.cmd"" description=""File encrypted (possible ransomware)"""
2025-06-01 09:50:03,fadi.kassem,PC-192.168.1.164,Debian 11,login_success,"description=""User fadi.kassem logged in successfully"""
2025-06-01 09:50:19,ahmed.nafih,PC-192.168.1.130,FreeBSD 13,clipboard_access,"description=""Clipboard accessed"""
2025-06-01 09:51:13,farah.dawoud,PC-192.168.1.176,Fedora 36,remote_desktop,"dest_ip=192.168.1.189 dest_port=3389 protocol=RDP description=""RDP connection attempt"""
2025-06-01 09:52:08,youssef.khalil,PC-192.168.1.41,Fedora 36,screen_unlock,"description=""User unlocked the screen"""
2025-06-01 09:52:50,nashit.alhadi,PC-192.168.1.182,macOS Big Sur,brute_force,"target_user=nashit.alhadi description=""Brute force login attempts detected"""
2025-06-01 09:53:35,abdulrahman.karim,PC-192.168.1.155,Android 11,credential_dump,"file_path=""C:\\Windows\\System32\\config\\SAM"" description=""Credential dump attempt"""
2025-06-01 09:54:32,mariyam.farid,PC-192.168.1.101,Windows 11,network_connection,"dest_ip=192.168.1.142 dest_port=19425 protocol=Telnet description=""Outbound connection attempt"""
2025-06-01 09:54:39,ahmed.alsayed,PC-192.168.1.190,Windows 11,service_stopped,"service_name=""WinDefend"" description=""Service stopped"""
2025-06-01 09:54:40,mariyam.farid,PC-192.168.1.217,Debian 10,network_scan,"dest_ip_range=""192.168.1.0/24"" description=""Network scan detected"""
2025-06-01 09:55:14,wajih.alhassan,PC-192.168.1.12,Android 11,file_decrypted,"file_path=""C:\\Users\\wajih.alhassan\\Documents\\secret.bat"" description=""File decrypted"""
2025-06-01 09:55:38,kareem.jamal,PC-192.168.1.11,Android 12,screen_lock,"description=""User locked the screen"""
2025-06-01 09:56:12,ahmed.bakr,PC-192.168.1.129,Android 12,password_changed,"description=""User changed password"""
2025-06-01 09:56:22,youssef.khalil,PC-192.168.1.145,macOS Monterey,email_sent,"email_subject=""Monthly report"" recipient=""boss@suspicious-api.com"" description=""User sent email"""
2025-06-01 09:57:06,asmaa.rahman,PC-192.168.1.126,Fedora 36,scheduled_task_created,"task_name=""UpdateCheck"" description=""Scheduled task created"""
2025-06-01 09:57:08,habib.mahfouz,PC-192.168.1.93,Windows 10,network_scan,"dest_ip_range=""192.168.1.0/24"" description=""Network scan detected"""
2025-06-01 09:57:48,fahd.saadi,PC-192.168.1.131,Windows 11,scheduled_task_created,"task_name=""UpdateCheck"" description=""Scheduled task created"""
2025-06-01 09:58:20,firas.abbas,PC-192.168.1.82,Amazon Linux 2,policy_change,"policy_name=""PasswordPolicy"" description=""Group policy changed"""
2025-06-01 09:59:10,hada.mohamed,PC-192.168.1.88,macOS Catalina,email_sent,"email_subject=""Monthly report"" recipient=""boss@um6p.ac.ma"" description=""User sent email"""
2025-06-01 09:59:41,amin.ghanim,PC-192.168.1.92,iOS 15,clipboard_cleared,"description=""Clipboard cleared"""
2025-06-01 10:00:33,adil.azzam,PC-192.168.1.206,Windows Server 2016,wifi_disconnected,"ssid=""UM6P_Guest"" description=""WiFi disconnected"""
2025-06-01 10:01:13,ahmed.alhaj,PC-192.168.1.128,macOS Big Sur,email_clicked,"email_subject=""Invoice update"" url=""http://login-authentication.com/login"" description=""User clicked suspicious link"""
2025-06-01 10:01:27,raed.saleh,PC-192.168.1.17,CentOS 8,usb_drive_mounted,"drive_letter=""E:"" description=""USB drive mounted"""
2025-06-01 10:01:48,reem.taleb,PC-192.168.1.86,Android 11,network_disconnect,"dest_ip=192.168.1.207 description=""Network disconnected"""
2025-06-01 10:02:12,fahd.saadi,PC-192.168.1.231,Windows 7,dns_request,"dest_domain=admin-um6p-reset.net description=""DNS query"""
2025-06-01 10:02:23,rana.azzam,PC-192.168.1.197,FreeBSD 12,clipboard_cleared,"description=""Clipboard cleared"""
2025-06-01 10:02:32,nidaa.farouk,PC-192.168.1.43,Windows 7,login_failed,"target_user=administrator description=""Failed login attempt"""
2025-06-01 10:03:14,habib.mahfouz,PC-192.168.1.160,macOS Big Sur,file_encrypted,"file_path=""C:\\Users\\habib.mahfouz\\Documents\\secret.scr"" description=""File encrypted (possible ransomware)"""
2025-06-01 10:04:04,tariq.mansour,PC-192.168.1.66,Windows 7,file_access,"file_path=""C:\\Users\\tariq.mansour\\Documents\\important.apk"" description=""File accessed"""
2025-06-01 10:04:49,farid.shaheen,PC-192.168.1.110,Windows 11,config_change,"config_item=""FirewallRule"" description=""Firewall configuration changed"""
2025-06-01 10:05:35,zubair.abdulqadir,PC-192.168.1.178,Android 11,wifi_disconnected,"ssid=""UM6P_Guest"" description=""WiFi disconnected"""
2025-06-01 10:06:14,mohsen.najjar,PC-192.168.1.123,Red Hat Enterprise Linux 8,registry_modified,"reg_path=""HKCU\\Software\\Microsoft\\Windows\\CurrentVersion\\Run"" reg_value=""malware"" description=""Registry key modified"""
2025-06-01 10:06:58,adil.najjar,PC-192.168.1.179,Red Hat Enterprise Linux 9,remote_desktop,"dest_ip=192.168.1.237 dest_port=3389 protocol=RDP description=""RDP connection attempt"""
2025-06-01 10:07:15,shatha.abdallah,PC-192.168.1.155,Chrome OS,file_created,"file_path=""C:\\Users\\shatha.abdallah\\AppData\\Temp\\malware.dat"" description=""File created"""
2025-06-01 10:08:09,fatima.alami,PC-192.168.1.58,Red Hat Enterprise Linux 8,clipboard_cleared,"description=""Clipboard cleared"""
2025-06-01 10:08:41,raihan.abdul,PC-192.168.1.167,Android 11,process_terminated,"process_name=Chrome.exe description=""Process terminated"""
2025-06-01 10:08:42,tarek.bahaa,PC-192.168.1.29,Android 12,service_started,"service_name=""WinDefend"" description=""Service started"""
2025-06-01 10:09:39,dina.rashid,PC-192.168.1.35,FreeBSD 13,close_application,"application=microsoftedge.exe description=""User closed microsoftedge.exe"""
2025-06-01 10:10:06,tariq.mansour,PC-192.168.1.150,FreeBSD 12,wifi_connected,"ssid=""UM6P_Guest"" description=""WiFi connected"""
2025-06-01 10:10:54,ahmed.nafih,PC-192.168.1.149,Windows Server 2016,vpn_connection,"dest_ip=192.168.1.195 description=""VPN connection established"""
2025-06-01 10:11:29,fatima.alami,PC-192.168.1.28,Debian 10,service_stopped,"service_name=""WinDefend"" description=""Service stopped"""
2025-06-01 10:12:27,nabil.ayoub,PC-192.168.1.173,Amazon Linux 2,file_deleted,"file_path=""C:\\Users\\nabil.ayoub\\Documents\\oldfile.scr"" description=""File deleted"""
2025-06-01 10:13:17,hazem.younis,PC-192.168.1.168,Chrome OS,registry_modified,"reg_path=""HKCU\\Software\\Microsoft\\Windows\\CurrentVersion\\Run"" reg_value=""malware"" description=""Registry key modified"""
2025-06-01 10:13:36,khaled.rafat,PC-192.168.1.249,Windows Server 2022,credential_dump,"file_path=""C:\\Windows\\System32\\config\\SAM"" description=""Credential dump attempt"""
2025-06-01 10:13:46,dina.farouk,PC-192.168.1.149,macOS Monterey,password_changed,"description=""User changed password"""
2025-06-01 10:14:43,jamila.kamal,PC-192.168.1.210,Debian 11,network_connection,"dest_ip=192.168.1.91 dest_port=24220 protocol=IPsec description=""Outbound connection attempt"""
2025-06-01 10:15:19,nidaa.farouk,PC-192.168.1.93,CentOS 8,email_received,"email_subject=""Invoice update"" sender=""finance@proxy-forwarder.com"" description=""User received email"""
2025-06-01 10:16:07,karim.faraj,PC-192.168.1.156,CentOS 8,network_disconnect,"dest_ip=192.168.1.149 description=""Network disconnected"""
2025-06-01 10:16:26,basim.zahran,PC-192.168.1.77,Red Hat Enterprise Linux 9,software_installed,"software_name=""7-Zip"" description=""Software installed"""
2025-06-01 10:17:21,fahd.saadi,PC-192.168.1.118,Ubuntu 22.04,registry_modified,"reg_path=""HKCU\\Software\\Microsoft\\Windows\\CurrentVersion\\Run"" reg_value=""malware"" description=""Registry key modified"""
2025-06-01 10:18:21,ali.mostafa,PC-192.168.1.116,CentOS 7,dns_tunnel_detected,"dest_domain=verify-user-login.net description=""Possible DNS tunneling detected"""
2025-06-01 10:19:15,kareem.jamal,PC-192.168.1.172,Ubuntu 22.04,file_access,"file_path=""C:\\Users\\kareem.jamal\\Documents\\important.zip"" description=""File accessed"""
2025-06-01 10:19:22,nawal.ibrahim,PC-192.168.1.140,Windows Server 2016,password_changed,"description=""User changed password"""
2025-06-01 10:19:30,reem.jabari,PC-192.168.1.222,iOS 14,usb_removed,"device_id=""USB\VID_1234&PID_5678"" description=""USB device removed"""
2025-06-01 10:20:26,samah.fahmi,PC-192.168.1.113,Debian 10,usb_drive_mounted,"drive_letter=""E:"" description=""USB drive mounted"""
2025-06-01 10:20:57,mariyam.farid,PC-192.168.1.71,Windows Server 2022,network_scan,"dest_ip_range=""192.168.1.0/24"" description=""Network scan detected"""
2025-06-01 10:21:19,omar.fahad,PC-192.168.1.106,Ubuntu 20.04,dns_request,"dest_domain=c2.um6p-covert.net description=""DNS query"""
2025-06-01 10:21:46,farouk.karim,PC-192.168.1.152,Debian 10,file_decrypted,"file_path=""C:\\Users\\farouk.karim\\Documents\\secret.apk"" description=""File decrypted"""
2025-06-01 10:22:36,laila.mohsen,PC-192.168.1.198,FreeBSD 13,file_modified,"file_path=""C:\\Users\\laila.mohsen\\Documents\\notes.bat"" description=""File modified"""
2025-06-01 10:23:17,zubair.abdulqadir,PC-192.168.1.194,Red Hat Enterprise Linux 9,vpn_connection,"dest_ip=192.168.1.254 description=""VPN connection established"""
2025-06-01 10:23:23,rana.azzam,PC-192.168.1.60,Ubuntu 20.04,software_installed,"software_name=""7-Zip"" description=""Software installed"""
2025-06-01 10:24:11,samah.abdelfattah,PC-192.168.1.242,Windows Server 2022,network_scan,"dest_ip_range=""192.168.1.0/24"" description=""Network scan detected"""
2025-06-01 10:25:07,nabil.ayoub,PC-192.168.1.186,Windows Server 2019,clipboard_access,"description=""Clipboard accessed"""
2025-06-01 10:25:35,dania.kassem,PC-192.168.1.235,Debian 11,logout,"description=""User dania.kassem logged out"""
2025-06-01 10:25:51,zainab.karim,PC-192.168.1.71,macOS Big Sur,wifi_connected,"ssid=""UM6P_Guest"" description=""WiFi connected"""
2025-06-01 10:26:51,bilal.abdelaziz,PC-192.168.1.18,CentOS 8,login_failed,"target_user=administrator description=""Failed login attempt"""
2025-06-01 10:27:18,rana.azzam,PC-192.168.1.203,Debian 10,network_connection,"dest_ip=192.168.1.31 dest_port=33689 protocol=SIP description=""Outbound connection attempt"""
2025-06-01 10:28:12,sami.jaber,PC-192.168.1.112,CentOS 7,close_application,"application=Chrome.exe description=""User closed Chrome.exe"""
2025-06-01 10:28:57,noor.jalal,PC-192.168.1.58,iOS 15,process_terminated,"process_name=Chrome.exe description=""Process terminated"""
2025-06-01 10:29:04,mohamed.sharif,PC-192.168.1.77,macOS Catalina,email_clicked,"email_subject=""Invoice update"" url=""http://login-authentication.com/login"" description=""User clicked suspicious link"""
2025-06-01 10:29:37,hafsa.mansur,PC-192.168.1.62,macOS Big Sur,policy_change,"policy_name=""PasswordPolicy"" description=""Group policy changed"""
2025-06-01 10:30:11,abdulrahman.karim,PC-192.168.1.29,Android 11,file_deleted,"file_path=""C:\\Users\\abdulrahman.karim\\Documents\\oldfile.pdf"" description=""File deleted"""
2025-06-01 10:31:11,samah.fahmi,PC-192.168.1.209,Fedora 36,usb_removed,"device_id=""USB\VID_1234&PID_5678"" description=""USB device removed"""
2025-06-01 10:31:28,hamza.zaki,PC-192.168.1.113,FreeBSD 13,software_installed,"software_name=""7-Zip"" description=""Software installed"""
2025-06-01 10:31:30,fahd.saadi,PC-192.168.1.98,Red Hat Enterprise Linux 8,wifi_disconnected,"ssid=""UM6P_Guest"" description=""WiFi disconnected"""
2025-06-01 10:31:47,khaled.rafat,PC-192.168.1.24,Windows 7,wifi_connected,"ssid=""UM6P_Guest"" description=""WiFi connected"""
2025-06-01 10:32:19,zain.ghazal,PC-192.168.1.99,macOS Catalina,file_created,"file_path=""C:\\Users\\zain.ghazal\\AppData\\Temp\\malware.zip"" description=""File created"""
2025-06-01 10:33:05,sami.jaber,PC-192.168.1.195,CentOS 7,file_access,"file_path=""C:\\Users\\sami.jaber\\Documents\\important.bat"" description=""File accessed"""
2025-06-01 10:33:35,hazem.younis,PC-192.168.1.34,Windows Server 2022,logout,"description=""User hazem.younis logged out"""
2025-06-01 10:33:59,farah.dawoud,PC-192.168.1.126,Windows Server 2016,software_installed,"software_name=""7-Zip"" description=""Software installed"""
2025-06-01 10:34:44,mohsen.najjar,PC-192.168.1.37,Windows 10,vpn_connection,"dest_ip=192.168.1.158 description=""VPN connection established"""
2025-06-01 10:35:44,kareem.zidan,PC-192.168.1.119,CentOS 7,service_stopped,"service_name=""WinDefend"" description=""Service stopped"""
2025-06-01 10:35:54,lina.hadi,PC-192.168.1.213,iOS 15,usb_drive_unmounted,"drive_letter=""E:"" description=""USB drive unmounted"""
2025-06-01 10:35:59,ahmed.nafih,PC-192.168.1.240,Red Hat Enterprise Linux 8,usb_drive_unmounted,"drive_letter=""E:"" description=""USB drive unmounted"""
2025-06-01 10:36:57,farah.dawoud,PC-192.168.1.72,Windows 10,dns_tunnel_detected,"dest_domain=update-info.net description=""Possible DNS tunneling detected"""
2025-06-01 10:37:38,kareem.zidan,PC-192.168.1.120,Windows 10,scheduled_task_created,"task_name=""UpdateCheck"" description=""Scheduled task created"""
2025-06-01 10:38:34,ahmed.bakr,PC-192.168.1.60,FreeBSD 12,scheduled_task_deleted,"task_name=""OldBackup"" description=""Scheduled task deleted"""
2025-06-01 10:39:18,nabil.ayoub,PC-192.168.1.41,Android 12,email_sent,"email_subject=""Monthly report"" recipient=""boss@admin-um6p-reset.net"" description=""User sent email"""
2025-06-01 10:39:44,dina.farouk,PC-192.168.1.66,Chrome OS,network_scan,"dest_ip_range=""192.168.1.0/24"" description=""Network scan detected"""
2025-06-01 10:40:00,basil.salama,PC-192.168.1.136,CentOS 8,credential_dump,"file_path=""C:\\Windows\\System32\\config\\SAM"" description=""Credential dump attempt"""
2025-06-01 10:40:17,najwa.bassem,PC-192.168.1.191,Debian 11,network_disconnect,"dest_ip=192.168.1.163 description=""Network disconnected"""
2025-06-01 10:40:52,thamer.najjar,PC-192.168.1.149,CentOS 8,file_access,"file_path=""C:\\Users\\thamer.najjar\\Documents\\important.gz"" description=""File accessed"""
2025-06-01 10:41:47,ibraheem.shaar,PC-192.168.1.201,macOS Big Sur,privilege_escalation,"process_name=teams.exe description=""Privilege escalation attempt detected"""
2025-06-01 10:42:18,sara.farid,PC-192.168.1.82,CentOS 7,usb_drive_unmounted,"drive_letter=""E:"" description=""USB drive unmounted"""
2025-06-01 10:42:28,rashid.nour,PC-192.168.1.238,FreeBSD 13,screen_lock,"description=""User locked the screen"""
2025-06-01 10:43:20,kalil.hakim,PC-192.168.1.201,macOS Catalina,file_encrypted,"file_path=""C:\\Users\\kalil.hakim\\Documents\\secret.jar"" description=""File encrypted (possible ransomware)"""
2025-06-01 10:43:54,zaina.karim,PC-192.168.1.120,FreeBSD 13,vpn_connection,"dest_ip=192.168.1.119 description=""VPN connection established"""
2025-06-01 10:44:40,rima.bashir,PC-192.168.1.188,Windows 7,email_sent,"email_subject=""Monthly report"" recipient=""boss@um6p-authenticator.net"" description=""User sent email"""
2025-06-01 10:45:35,najat.omar,PC-192.168.1.244,iOS 14,file_access,"file_path=""C:\\Users\\najat.omar\\Documents\\important.sh"" description=""File accessed"""
2025-06-01 10:45:47,samah.fahmi,PC-192.168.1.175,CentOS 8,scheduled_task_created,"task_name=""UpdateCheck"" description=""Scheduled task created"""
2025-06-01 10:46:06,nadia.abdel,PC-192.168.1.232,Windows 10,dns_tunnel_detected,"dest_domain=login-authentication.com description=""Possible DNS tunneling detected"""
2025-06-01 10:46:56,najat.omar,PC-192.168.1.137,Windows Server 2016,service_started,"service_name=""WinDefend"" description=""Service started"""
2025-06-01 10:47:55,yasir.abdullah,PC-192.168.1.165,macOS Catalina,logout,"description=""User yasir.abdullah logged out"""
2025-06-01 10:48:32,nidaa.farouk,PC-192.168.1.201,FreeBSD 13,process_terminated,"process_name=Outlook.exe description=""Process terminated"""
2025-06-01 10:49:31,sara.abdelkarim,PC-192.168.1.241,Red Hat Enterprise Linux 8,close_application,"application=powershell.exe description=""User closed powershell.exe"""
2025-06-01 10:50:13,fadi.kassem,PC-192.168.1.229,Chrome OS,file_encrypted,"file_path=""C:\\Users\\fadi.kassem\\Documents\\secret.jar"" description=""File encrypted (possible ransomware)"""
2025-06-01 10:50:30,dina.rashid,PC-192.168.1.136,macOS Big Sur,registry_modified,"reg_path=""HKCU\\Software\\Microsoft\\Windows\\CurrentVersion\\Run"" reg_value=""malware"" description=""Registry key modified"""
2025-06-01 10:51:15,fadi.kassem,PC-192.168.1.181,macOS Big Sur,email_received,"email_subject=""Invoice update"" sender=""finance@phishing-site.com"" description=""User received email"""
2025-06-01 10:51:32,zohair.salim,PC-192.168.1.17,Android 11,open_application,"application=virtualbox.exe description=""User launched virtualbox.exe"""
2025-06-01 10:51:57,laila.mohsen,PC-192.168.1.194,macOS Catalina,usb_inserted,"device_id=""USB\VID_1234&PID_5678"" description=""USB device inserted"""
2025-06-01 10:52:03,zayd.abdelrahim,PC-192.168.1.110,Debian 11,network_disconnect,"dest_ip=192.168.1.20 description=""Network disconnected"""
2025-06-01 10:52:26,muna.rashid,PC-192.168.1.150,FreeBSD 13,file_modified,"file_path=""C:\\Users\\muna.rashid\\Documents\\notes.cmd"" description=""File modified"""
2025-06-01 10:52:38,laila.mohsen,PC-192.168.1.186,Chrome OS,registry_modified,"reg_path=""HKCU\\Software\\Microsoft\\Windows\\CurrentVersion\\Run"" reg_value=""malware"" description=""Registry key modified"""
2025-06-01 10:53:38,zaina.karim,PC-192.168.1.103,Chrome OS,process_terminated,"process_name=virtualbox.exe description=""Process terminated"""
2025-06-01 10:53:43,hafsa.mansur,PC-192.168.1.78,macOS Monterey,login_success,"description=""User hafsa.mansur logged in successfully"""
2025-06-01 10:53:45,fatima.alami,PC-192.168.1.199,macOS Monterey,network_connection,"dest_ip=192.168.1.26 dest_port=34503 protocol=FTPS description=""Outbound connection attempt"""
2025-06-01 10:54:23,youssef.khalil,PC-192.168.1.102,Windows Server 2016,network_connection,"dest_ip=192.168.1.48 dest_port=15543 protocol=SASL description=""Outbound connection attempt"""
2025-06-01 10:54:59,joud.nasser,PC-192.168.1.29,Amazon Linux 2,file_modified,"file_path=""C:\\Users\\joud.nasser\\Documents\\notes.scr"" description=""File modified"""
2025-06-01 10:55:19,alaa.salem,PC-192.168.1.20,Android 12,file_encrypted,"file_path=""C:\\Users\\alaa.salem\\Documents\\secret.pdf"" description=""File encrypted (possible ransomware)"""
2025-06-01 10:55:49,saif.alqahtani,PC-192.168.1.228,iOS 14,clipboard_cleared,"description=""Clipboard cleared"""
2025-06-01 10:56:08,dina.farouk,PC-192.168.1.30,Android 11,logout,"description=""User dina.farouk logged out"""
2025-06-01 10:56:52,jamila.kamal,PC-192.168.1.67,CentOS 7,file_deleted,"file_path=""C:\\Users\\jamila.kamal\\Documents\\oldfile.dat"" description=""File deleted"""
2025-06-01 10:57:33,mohsen.najjar,PC-192.168.1.192,Windows Server 2022,registry_modified,"reg_path=""HKCU\\Software\\Microsoft\\Windows\\CurrentVersion\\Run"" reg_value=""malware"" description=""Registry key modified"""
2025-06-01 10:57:38,mohanna.hadi,PC-192.168.1.40,Android 11,file_modified,"file_path=""C:\\Users\\mohanna.hadi\\Documents\\notes.ppt"" description=""File modified"""
2025-06-01 10:57:48,yasmin.abdulrahman,PC-192.168.1.65,iOS 15,file_modified,"file_path=""C:\\Users\\yasmin.abdulrahman\\Documents\\notes.pptx"" description=""File modified"""
2025-06-01 10:58:09,thamer.najjar,PC-192.168.1.247,Windows Server 2019,usb_removed,"device_id=""USB\VID_1234&PID_5678"" description=""USB device removed"""
2025-06-01 10:58:15,adil.azzam,PC-192.168.1.191,Windows Server 2019,password_changed,"description=""User changed password"""
2025-06-01 10:59:01,mustafa.alraqi,PC-192.168.1.196,Fedora 36,network_connection,"dest_ip=192.168.1.15 dest_port=33803 protocol=ZigBee description=""Outbound connection attempt"""
2025-06-01 10:59:26,maya.hussein,PC-192.168.1.30,macOS Monterey,email_clicked,"email_subject=""Invoice update"" url=""http://login-secure.net/login"" description=""User clicked suspicious link"""
2025-06-01 10:59:38,dania.kassem,PC-192.168.1.55,Red Hat Enterprise Linux 9,login_success,"description=""User dania.kassem logged in successfully"""
2025-06-01 10:59:56,omar.fahad,PC-192.168.1.180,Debian 10,vpn_connection,"dest_ip=192.168.1.73 description=""VPN connection established"""
2025-06-01 11:00:12,noura.salem,PC-192.168.1.73,Ubuntu 22.04,network_disconnect,"dest_ip=192.168.1.198 description=""Network disconnected"""
2025-06-01 11:01:01,zaina.karim,PC-192.168.1.152,FreeBSD 13,brute_force,"target_user=zaina.karim description=""Brute force login attempts detected"""
2025-06-01 11:01:10,omar.salem,PC-192.168.1.55,macOS Big Sur,registry_modified,"reg_path=""HKCU\\Software\\Microsoft\\Windows\\CurrentVersion\\Run"" reg_value=""malware"" description=""Registry key modified"""
2025-06-01 11:01:24,ibrahim.hamed,PC-192.168.1.180,Windows 10,login_success,"description=""User ibrahim.hamed logged in successfully"""
2025-06-01 11:02:19,zubair.abdulqadir,PC-192.168.1.210,Ubuntu 22.04,file_encrypted,"file_path=""C:\\Users\\zubair.abdulqadir\\Documents\\secret.sys"" description=""File encrypted (possible ransomware)"""
2025-06-01 11:02:28,manal.rashid,PC-192.168.1.161,macOS Catalina,software_uninstalled,"software_name=""Adobe Reader"" description=""Software uninstalled"""
2025-06-01 11:03:05,dania.kassem,PC-192.168.1.67,Fedora 36,scheduled_task_created,"task_name=""UpdateCheck"" description=""Scheduled task created"""
2025-06-01 11:03:09,rima.bashir,PC-192.168.1.140,Windows 11,privilege_escalation,"process_name=firefox.exe description=""Privilege escalation attempt detected"""
2025-06-01 11:03:15,salwa.hamdi,PC-192.168.1.232,Debian 10,login_failed,"target_user=administrator description=""Failed login attempt"""
2025-06-01 11:03:37,raed.khaled,PC-192.168.1.185,iOS 14,service_started,"service_name=""WinDefend"" description=""Service started"""
2025-06-01 11:04:23,mariyam.farid,PC-192.168.1.65,macOS Catalina,credential_dump,"file_path=""C:\\Windows\\System32\\config\\SAM"" description=""Credential dump attempt"""
2025-06-01 11:04:53,amin.ghanim,PC-192.168.1.33,Android 12,email_sent,"email_subject=""Monthly report"" recipient=""boss@office365-um6p-help.com"" description=""User sent email"""
2025-06-01 11:05:29,fatma.ismail,PC-192.168.1.168,Fedora 36,clipboard_cleared,"description=""Clipboard cleared"""
2025-06-01 11:05:53,noura.salem,PC-192.168.1.204,Android 12,screen_lock,"description=""User locked the screen"""
2025-06-01 11:06:53,farah.dawoud,PC-192.168.1.167,Ubuntu 22.04,screen_lock,"description=""User locked the screen"""
2025-06-01 11:07:23,raed.khaled,PC-192.168.1.19,Android 12,credential_dump,"file_path=""C:\\Windows\\System32\\config\\SAM"" description=""Credential dump attempt"""
2025-06-01 11:07:56,tarek.bahaa,PC-192.168.1.131,macOS Big Sur,clipboard_cleared,"description=""Clipboard cleared"""
2025-06-01 11:08:36,basim.zahran,PC-192.168.1.10,macOS Big Sur,software_uninstalled,"software_name=""Adobe Reader"" description=""Software uninstalled"""
2025-06-01 11:08:39,raed.khaled,PC-192.168.1.230,CentOS 8,vpn_connection,"dest_ip=192.168.1.226 description=""VPN connection established"""
2025-06-01 11:09:15,mustafa.alraqi,PC-192.168.1.191,Amazon Linux 2,network_scan,"dest_ip_range=""192.168.1.0/24"" description=""Network scan detected"""
2025-06-01 11:09:43,dina.rashid,PC-192.168.1.43,macOS Catalina,login_failed,"target_user=administrator description=""Failed login attempt"""
2025-06-01 11:10:11,nabil.ayoub,PC-192.168.1.158,Debian 11,file_decrypted,"file_path=""C:\\Users\\nabil.ayoub\\Documents\\secret.apk"" description=""File decrypted"""
2025-06-01 11:11:09,lamia.bader,PC-192.168.1.223,Red Hat Enterprise Linux 9,scheduled_task_deleted,"task_name=""OldBackup"" description=""Scheduled task deleted"""
2025-06-01 11:11:46,rina.sharif,PC-192.168.1.75,iOS 15,alert_av,"alert_level=medium description=""Antivirus alert triggered"""
2025-06-01 11:12:10,kareem.jamal,PC-192.168.1.34,Fedora 36,clipboard_cleared,"description=""Clipboard cleared"""
2025-06-01 11:12:59,jamila.kamal,PC-192.168.1.194,macOS Catalina,screen_unlock,"description=""User unlocked the screen"""
2025-06-01 11:13:20,tamer.karim,PC-192.168.1.179,Android 12,network_disconnect,"dest_ip=192.168.1.34 description=""Network disconnected"""
2025-06-01 11:13:21,tariq.mansour,PC-192.168.1.79,FreeBSD 13,file_modified,"file_path=""C:\\Users\\tariq.mansour\\Documents\\notes.iso"" description=""File modified"""
2025-06-01 11:13:50,rina.sharif,PC-192.168.1.72,FreeBSD 13,open_application,"application=spotify.exe description=""User launched spotify.exe"""
2025-06-01 11:14:39,sawsan.mansour,PC-192.168.1.145,Amazon Linux 2,network_disconnect,"dest_ip=192.168.1.122 description=""Network disconnected"""
2025-06-01 11:14:48,adil.azzam,PC-192.168.1.28,FreeBSD 12,dns_tunnel_detected,"dest_domain=verify-email-security.com description=""Possible DNS tunneling detected"""
2025-06-01 11:15:40,amina.talal,PC-192.168.1.108,Amazon Linux 2,usb_inserted,"device_id=""USB\VID_1234&PID_5678"" description=""USB device inserted"""
2025-06-01 11:16:33,ahmed.nafih,PC-192.168.1.216,macOS Big Sur,process_creation,"process_name=excel.exe arguments=""/c dir /s /b"" description=""Process created"""
2025-06-01 11:17:03,samir.shaheen,PC-192.168.1.19,CentOS 8,screen_unlock,"description=""User unlocked the screen"""
2025-06-01 11:17:41,kamilah.mohamed,PC-192.168.1.51,FreeBSD 13,file_decrypted,"file_path=""C:\\Users\\kamilah.mohamed\\Documents\\secret.ps1"" description=""File decrypted"""
2025-06-01 11:17:47,rania.faraj,PC-192.168.1.88,Debian 10,usb_inserted,"device_id=""USB\VID_1234&PID_5678"" description=""USB device inserted"""
2025-06-01 11:18:26,najat.omar,PC-192.168.1.92,iOS 14,privilege_escalation,"process_name=Outlook.exe description=""Privilege escalation attempt detected"""
2025-06-01 11:19:08,fahd.saadi,PC-192.168.1.187,macOS Catalina,clipboard_access,"description=""Clipboard accessed"""
2025-06-01 11:19:46,dina.rashid,PC-192.168.1.68,macOS Big Sur,file_access,"file_path=""C:\\Users\\dina.rashid\\Documents\\important.tmp"" description=""File accessed"""
2025-06-01 11:20:28,zahra.mahdi,PC-192.168.1.198,Windows Server 2016,brute_force,"target_user=zahra.mahdi description=""Brute force login attempts detected"""
2025-06-01 11:21:06,zayd.abdelrahim,PC-192.168.1.39,Windows 11,file_access,"file_path=""C:\\Users\\zayd.abdelrahim\\Documents\\important.zip"" description=""File accessed"""
2025-06-01 11:21:37,ahmed.alhaj,PC-192.168.1.182,FreeBSD 13,login_failed,"target_user=administrator description=""Failed login attempt"""
2025-06-01 11:22:01,yasmeen.salim,PC-192.168.1.209,iOS 14,email_received,"email_subject=""Invoice update"" sender=""finance@login-um6p-security.org"" description=""User received email"""
2025-06-01 11:22:25,najat.omar,PC-192.168.1.188,Windows 7,network_scan,"dest_ip_range=""192.168.1.0/24"" description=""Network scan detected"""
2025-06-01 11:22:30,rasha.younis,PC-192.168.1.131,Fedora 36,network_scan,"dest_ip_range=""192.168.1.0/24"" description=""Network scan detected"""
2025-06-01 11:23:25,zain.ghazal,PC-192.168.1.194,Red Hat Enterprise Linux 8,wifi_connected,"ssid=""UM6P_Guest"" description=""WiFi connected"""
2025-06-01 11:23:30,younes.abdullah,PC-192.168.1.92,Fedora 36,process_terminated,"process_name=vpnclient.exe description=""Process terminated"""
2025-06-01 11:23:36,lina.abdulaziz,PC-192.168.1.210,Debian 10,file_modified,"file_path=""C:\\Users\\lina.abdulaziz\\Documents\\notes.ppt"" description=""File modified"""
2025-06-01 11:24:14,marwan.alhaj,PC-192.168.1.55,Windows 7,email_sent,"email_subject=""Monthly report"" recipient=""boss@fileshare-locked.org"" description=""User sent email"""
2025-06-01 11:24:25,samah.fahmi,PC-192.168.1.98,FreeBSD 12,email_clicked,"email_subject=""Invoice update"" url=""http://security-login-auth.com/login"" description=""User clicked suspicious link"""
2025-06-01 11:25:24,nader.shams,PC-192.168.1.47,Windows 10,password_changed,"description=""User changed password"""
2025-06-01 11:25:31,samir.shaheen,PC-192.168.1.35,Android 11,file_decrypted,"file_path=""C:\\Users\\samir.shaheen\\Documents\\secret.sys"" description=""File decrypted"""
2025-06-01 11:26:12,kalil.hakim,PC-192.168.1.31,CentOS 8,alert_av,"alert_level=low description=""Antivirus alert triggered"""
2025-06-01 11:26:51,zainab.karim,PC-192.168.1.70,Android 11,clipboard_cleared,"description=""Clipboard cleared"""
2025-06-01 11:27:38,najwa.bassem,PC-192.168.1.17,macOS Catalina,file_access,"file_path=""C:\\Users\\najwa.bassem\\Documents\\important.ps1"" description=""File accessed"""
2025-06-01 11:28:19,alaa.salem,PC-192.168.1.41,Windows Server 2016,file_modified,"file_path=""C:\\Users\\alaa.salem\\Documents\\notes.pptx"" description=""File modified"""
2025-06-01 11:28:37,dalia.karim,PC-192.168.1.241,macOS Big Sur,software_installed,"software_name=""7-Zip"" description=""Software installed"""
2025-06-01 11:29:01,maya.hussein,PC-192.168.1.240,Windows Server 2022,service_started,"service_name=""WinDefend"" description=""Service started"""
2025-06-01 11:29:56,samah.abdelfattah,PC-192.168.1.114,Windows 10,screen_lock,"description=""User locked the screen"""
2025-06-01 11:30:46,dalia.abdulaziz,PC-192.168.1.13,Fedora 36,file_deleted,"file_path=""C:\\Users\\dalia.abdulaziz\\Documents\\oldfile.jar"" description=""File deleted"""
2025-06-01 11:31:20,raihan.abdul,PC-192.168.1.17,Android 12,file_encrypted,"file_path=""C:\\Users\\raihan.abdul\\Documents\\secret.ps1"" description=""File encrypted (possible ransomware)"""
2025-06-01 11:31:26,fadi.kassem,PC-192.168.1.223,macOS Catalina,file_modified,"file_path=""C:\\Users\\fadi.kassem\\Documents\\notes.tar"" description=""File modified"""
2025-06-01 11:32:26,laila.mohsen,PC-192.168.1.27,Windows Server 2019,file_encrypted,"file_path=""C:\\Users\\laila.mohsen\\Documents\\secret.ppt"" description=""File encrypted (possible ransomware)"""
2025-06-01 11:33:11,rima.bashir,PC-192.168.1.154,CentOS 8,clipboard_cleared,"description=""Clipboard cleared"""
2025-06-01 11:33:40,zayd.abdelrahim,PC-192.168.1.208,Amazon Linux 2,process_terminated,"process_name=Outlook.exe description=""Process terminated"""
2025-06-01 11:34:08,khalifa.mahmoud,PC-192.168.1.189,Windows 10,scheduled_task_created,"task_name=""UpdateCheck"" description=""Scheduled task created"""
2025-06-01 11:34:15,muhannad.almasri,PC-192.168.1.157,Fedora 36,brute_force,"target_user=muhannad.almasri description=""Brute force login attempts detected"""
2025-06-01 11:35:12,ahmed.bakr,PC-192.168.1.43,FreeBSD 12,clipboard_access,"description=""Clipboard accessed"""
2025-06-01 11:35:47,reem.jabari,PC-192.168.1.43,Windows 10,login_failed,"target_user=administrator description=""Failed login attempt"""
2025-06-01 11:36:36,muna.rashid,PC-192.168.1.60,Debian 10,file_access,"file_path=""C:\\Users\\muna.rashid\\Documents\\important.sys"" description=""File accessed"""
2025-06-01 11:36:45,dania.kassem,PC-192.168.1.237,iOS 15,config_change,"config_item=""FirewallRule"" description=""Firewall configuration changed"""
2025-06-01 11:37:08,zohair.salim,PC-192.168.1.146,FreeBSD 13,clipboard_access,"description=""Clipboard accessed"""
2025-06-01 11:37:20,samah.fahmi,PC-192.168.1.63,Android 11,scheduled_task_created,"task_name=""UpdateCheck"" description=""Scheduled task created"""
2025-06-01 11:37:47,zohair.salim,PC-192.168.1.53,FreeBSD 12,registry_modified,"reg_path=""HKCU\\Software\\Microsoft\\Windows\\CurrentVersion\\Run"" reg_value=""malware"" description=""Registry key modified"""
2025-06-01 11:38:40,samir.alhassan,PC-192.168.1.122,Debian 11,config_change,"config_item=""FirewallRule"" description=""Firewall configuration changed"""
2025-06-01 11:39:15,reem.taleb,PC-192.168.1.50,FreeBSD 13,screen_unlock,"description=""User unlocked the screen"""
2025-06-01 11:39:51,sawsan.mansour,PC-192.168.1.223,Android 11,screen_lock,"description=""User locked the screen"""
2025-06-01 11:40:07,mohanna.hadi,PC-192.168.1.200,Windows Server 2016,software_installed,"software_name=""7-Zip"" description=""Software installed"""
2025-06-01 11:40:29,kareem.jamal,PC-192.168.1.230,macOS Catalina,process_terminated,"process_name=spotify.exe description=""Process terminated"""
2025-06-01 11:41:23,siham.faraj,PC-192.168.1.139,FreeBSD 13,process_terminated,"process_name=Outlook.exe description=""Process terminated"""
2025-06-01 11:41:29,muhannad.almasri,PC-192.168.1.32,Android 11,software_uninstalled,"software_name=""Adobe Reader"" description=""Software uninstalled"""
2025-06-01 11:42:19,samir.alhassan,PC-192.168.1.141,iOS 14,network_scan,"dest_ip_range=""192.168.1.0/24"" description=""Network scan detected"""
2025-06-01 11:42:22,dania.kassem,PC-192.168.1.232,Debian 11,scheduled_task_deleted,"task_name=""OldBackup"" description=""Scheduled task deleted"""
2025-06-01 11:43:14,khalifa.mahmoud,PC-192.168.1.205,Android 12,wifi_disconnected,"ssid=""UM6P_Guest"" description=""WiFi disconnected"""
2025-06-01 11:44:02,kareem.jamal,PC-192.168.1.179,FreeBSD 12,registry_modified,"reg_path=""HKCU\\Software\\Microsoft\\Windows\\CurrentVersion\\Run"" reg_value=""malware"" description=""Registry key modified"""
2025-06-01 11:44:34,ibraheem.shaar,PC-192.168.1.96,Chrome OS,vpn_connection,"dest_ip=192.168.1.136 description=""VPN connection established"""
2025-06-01 11:44:58,omar.salem,PC-192.168.1.56,Windows Server 2022,email_sent,"email_subject=""Monthly report"" recipient=""boss@um6p-password-reset.net"" description=""User sent email"""
2025-06-01 11:45:31,hafsa.mansur,PC-192.168.1.181,Fedora 36,login_failed,"target_user=administrator description=""Failed login attempt"""
2025-06-01 11:46:07,fadi.kassem,PC-192.168.1.101,Chrome OS,credential_dump,"file_path=""C:\\Windows\\System32\\config\\SAM"" description=""Credential dump attempt"""
2025-06-01 11:46:27,ahmed.nafih,PC-192.168.1.26,Windows Server 2019,file_encrypted,"file_path=""C:\\Users\\ahmed.nafih\\Documents\\secret.css"" description=""File encrypted (possible ransomware)"""
2025-06-01 11:47:08,mariyam.farid,PC-192.168.1.84,Ubuntu 20.04,file_deleted,"file_path=""C:\\Users\\mariyam.farid\\Documents\\oldfile.bin"" description=""File deleted"""
2025-06-01 11:47:39,rima.bashir,PC-192.168.1.210,Ubuntu 20.04,scheduled_task_created,"task_name=""UpdateCheck"" description=""Scheduled task created"""
2025-06-01 11:47:56,kalil.hakim,PC-192.168.1.109,Android 12,service_stopped,"service_name=""WinDefend"" description=""Service stopped"""
2025-06-01 11:48:22,nashit.alhadi,PC-192.168.1.190,macOS Big Sur,network_scan,"dest_ip_range=""192.168.1.0/24"" description=""Network scan detected"""
2025-06-01 11:48:34,khaled.nasser,PC-192.168.1.65,Debian 11,scheduled_task_deleted,"task_name=""OldBackup"" description=""Scheduled task deleted"""
2025-06-01 11:48:58,nidaa.farouk,PC-192.168.1.16,Debian 11,screen_lock,"description=""User locked the screen"""
2025-06-01 11:49:36,ahmed.alsayed,PC-192.168.1.200,Windows 10,screen_lock,"description=""User locked the screen"""
2025-06-01 11:50:26,mohsen.najjar,PC-192.168.1.186,Windows 11,scheduled_task_created,"task_name=""UpdateCheck"" description=""Scheduled task created"""
2025-06-01 11:50:37,nisreen.jamal,PC-192.168.1.231,macOS Monterey,dns_tunnel_detected,"dest_domain=login-security-check.net description=""Possible DNS tunneling detected"""
2025-06-01 11:50:51,muna.bakr,PC-192.168.1.81,Chrome OS,screen_unlock,"description=""User unlocked the screen"""
2025-06-01 11:51:31,zainab.karim,PC-192.168.1.154,Windows Server 2022,registry_modified,"reg_path=""HKCU\\Software\\Microsoft\\Windows\\CurrentVersion\\Run"" reg_value=""malware"" description=""Registry key modified"""
2025-06-01 11:51:48,mustafa.alraqi,PC-192.168.1.74,Ubuntu 22.04,screen_lock,"description=""User locked the screen"""
2025-06-01 11:51:58,jafar.mohamed,PC-192.168.1.129,macOS Monterey,email_clicked,"email_subject=""Invoice update"" url=""http://email-security.net/login"" description=""User clicked suspicious link"""
2025-06-01 11:52:57,layla.abdullah,PC-192.168.1.240,iOS 14,close_application,"application=powershell.exe description=""User closed powershell.exe"""
2025-06-01 11:53:51,hassan.amir,PC-192.168.1.202,Windows 7,credential_dump,"file_path=""C:\\Windows\\System32\\config\\SAM"" description=""Credential dump attempt"""
2025-06-01 11:54:49,mohsen.najjar,PC-192.168.1.19,Windows Server 2022,dns_tunnel_detected,"dest_domain=secure-user.net description=""Possible DNS tunneling detected"""
2025-06-01 11:55:11,lina.abdulaziz,PC-192.168.1.88,Red Hat Enterprise Linux 8,registry_modified,"reg_path=""HKCU\\Software\\Microsoft\\Windows\\CurrentVersion\\Run"" reg_value=""malware"" description=""Registry key modified"""
2025-06-01 11:55:39,noura.abdul,PC-192.168.1.54,Windows 10,email_clicked,"email_subject=""Invoice update"" url=""http://account-verify.com/login"" description=""User clicked suspicious link"""
2025-06-01 11:55:50,yara.khaled,PC-192.168.1.47,FreeBSD 12,usb_drive_unmounted,"drive_letter=""E:"" description=""USB drive unmounted"""
2025-06-01 11:56:13,omar.salem,PC-192.168.1.100,Debian 11,scheduled_task_created,"task_name=""UpdateCheck"" description=""Scheduled task created"""
2025-06-01 11:56:19,yara.khaled,PC-192.168.1.20,FreeBSD 13,open_application,"application=cmd.exe description=""User launched cmd.exe"""
2025-06-01 11:56:46,samira.karim,PC-192.168.1.86,Android 11,login_success,"description=""User samira.karim logged in successfully"""
2025-06-01 11:57:38,fadi.kassem,PC-192.168.1.26,iOS 14,file_access,"file_path=""C:\\Users\\fadi.kassem\\Documents\\important.dll"" description=""File accessed"""
2025-06-01 11:58:10,ahmed.nafih,PC-192.168.1.56,Windows Server 2022,dns_tunnel_detected,"dest_domain=secure-mail.com description=""Possible DNS tunneling detected"""
2025-06-01 11:58:56,yasin.abdelrahman,PC-192.168.1.12,Windows Server 2022,screen_unlock,"description=""User unlocked the screen"""
2025-06-01 11:59:21,mustafa.alraqi,PC-192.168.1.129,Windows Server 2016,remote_desktop,"dest_ip=192.168.1.148 dest_port=3389 protocol=RDP description=""RDP connection attempt"""
2025-06-01 11:59:23,muhannad.almasri,PC-192.168.1.70,Windows 11,usb_removed,"device_id=""USB\VID_1234&PID_5678"" description=""USB device removed"""
2025-06-01 11:59:39,ibrahim.hamed,PC-192.168.1.11,macOS Catalina,service_started,"service_name=""WinDefend"" description=""Service started"""
2025-06-01 12:00:37,zainab.karim,PC-192.168.1.242,CentOS 7,clipboard_access,"description=""Clipboard accessed"""
2025-06-01 12:01:23,sara.abdelkarim,PC-192.168.1.103,FreeBSD 12,scheduled_task_deleted,"task_name=""OldBackup"" description=""Scheduled task deleted"""
2025-06-01 12:01:57,samir.shaheen,PC-192.168.1.240,macOS Catalina,wifi_connected,"ssid=""UM6P_Guest"" description=""WiFi connected"""
2025-06-01 12:02:22,maya.hussein,PC-192.168.1.134,Windows 11,file_created,"file_path=""C:\\Users\\maya.hussein\\AppData\\Temp\\malware.ppt"" description=""File created"""
2025-06-01 12:03:19,samar.ridha,PC-192.168.1.119,CentOS 8,screen_unlock,"description=""User unlocked the screen"""
2025-06-01 12:03:43,yasir.khalaf,PC-192.168.1.174,macOS Monterey,scheduled_task_created,"task_name=""UpdateCheck"" description=""Scheduled task created"""
2025-06-01 12:04:22,samir.shaheen,PC-192.168.1.83,Ubuntu 22.04,network_disconnect,"dest_ip=192.168.1.110 description=""Network disconnected"""
2025-06-01 12:05:00,farah.dawoud,PC-192.168.1.169,Debian 11,wifi_connected,"ssid=""UM6P_Guest"" description=""WiFi connected"""
2025-06-01 12:05:44,nisreen.jamal,PC-192.168.1.128,Debian 11,alert_av,"alert_level=medium description=""Antivirus alert triggered"""
2025-06-01 12:06:05,firas.abbas,PC-192.168.1.176,FreeBSD 12,usb_drive_mounted,"drive_letter=""E:"" description=""USB drive mounted"""
2025-06-01 12:06:56,farid.shaheen,PC-192.168.1.162,Red Hat Enterprise Linux 8,process_creation,"process_name=Teams.exe arguments=""/c netstat -ano"" description=""Process created"""
2025-06-01 12:07:04,raed.saleh,PC-192.168.1.175,Windows 11,registry_modified,"reg_path=""HKCU\\Software\\Microsoft\\Windows\\CurrentVersion\\Run"" reg_value=""malware"" description=""Registry key modified"""
2025-06-01 12:07:49,yasir.abdullah,PC-192.168.1.88,Amazon Linux 2,policy_change,"policy_name=""PasswordPolicy"" description=""Group policy changed"""
2025-06-01 12:08:22,tariq.mansour,PC-192.168.1.201,Windows 7,process_creation,"process_name=Slack.exe arguments=""/c ping 127.0.0.1"" description=""Process created"""
2025-06-01 12:08:45,thamer.najjar,PC-192.168.1.115,Ubuntu 20.04,email_received,"email_subject=""Invoice update"" sender=""finance@updates-windows-verify.net"" description=""User received email"""
2025-06-01 12:09:36,maysa.abdelrahman,PC-192.168.1.42,iOS 15,brute_force,"target_user=maysa.abdelrahman description=""Brute force login attempts detected"""
2025-06-01 12:09:53,ahmed.nafih,PC-192.168.1.132,Windows Server 2022,clipboard_cleared,"description=""Clipboard cleared"""
2025-06-01 12:10:00,nisreen.jamal,PC-192.168.1.27,Ubuntu 20.04,screen_lock,"description=""User locked the screen"""
2025-06-01 12:10:44,ibrahim.hamed,PC-192.168.1.161,Android 12,close_application,"application=onedrive.exe description=""User closed onedrive.exe"""
2025-06-01 12:11:08,samar.ridha,PC-192.168.1.201,Debian 11,screen_unlock,"description=""User unlocked the screen"""
2025-06-01 12:11:21,farid.shaheen,PC-192.168.1.243,CentOS 7,brute_force,"target_user=farid.shaheen description=""Brute force login attempts detected"""
2025-06-01 12:11:38,tarik.makki,PC-192.168.1.98,Windows Server 2016,registry_modified,"reg_path=""HKCU\\Software\\Microsoft\\Windows\\CurrentVersion\\Run"" reg_value=""malware"" description=""Registry key modified"""
2025-06-01 12:12:28,tariq.mansour,PC-192.168.1.248,macOS Big Sur,remote_desktop,"dest_ip=192.168.1.39 dest_port=3389 protocol=RDP description=""RDP connection attempt"""
2025-06-01 12:12:32,lina.abdulaziz,PC-192.168.1.181,Ubuntu 20.04,screen_unlock,"description=""User unlocked the screen"""
2025-06-01 12:13:25,yasir.abdullah,PC-192.168.1.248,FreeBSD 13,wifi_connected,"ssid=""UM6P_Guest"" description=""WiFi connected"""
2025-06-01 12:13:41,adil.najjar,PC-192.168.1.238,macOS Catalina,clipboard_cleared,"description=""Clipboard cleared"""
2025-06-01 12:14:09,ahmed.bakr,PC-192.168.1.116,Windows Server 2022,software_installed,"software_name=""7-Zip"" description=""Software installed"""
2025-06-01 12:15:06,samira.karim,PC-192.168.1.125,Windows 7,software_uninstalled,"software_name=""Adobe Reader"" description=""Software uninstalled"""
2025-06-01 12:15:54,reem.ali,PC-192.168.1.155,Windows 11,scheduled_task_created,"task_name=""UpdateCheck"" description=""Scheduled task created"""
2025-06-01 12:16:24,rina.sharif,PC-192.168.1.204,Windows 7,network_disconnect,"dest_ip=192.168.1.53 description=""Network disconnected"""
2025-06-01 12:17:11,nawal.ibrahim,PC-192.168.1.26,iOS 15,file_modified,"file_path=""C:\\Users\\nawal.ibrahim\\Documents\\notes.log"" description=""File modified"""
2025-06-01 12:17:54,hamza.karim,PC-192.168.1.52,Windows Server 2022,file_decrypted,"file_path=""C:\\Users\\hamza.karim\\Documents\\secret.html"" description=""File decrypted"""
2025-06-01 12:18:41,lina.hadi,PC-192.168.1.229,Ubuntu 22.04,wifi_disconnected,"ssid=""UM6P_Guest"" description=""WiFi disconnected"""
2025-06-01 12:19:33,zahra.mahdi,PC-192.168.1.87,FreeBSD 13,login_failed,"target_user=administrator description=""Failed login attempt"""
2025-06-01 12:19:37,khalil.abdullah,PC-192.168.1.221,iOS 15,file_deleted,"file_path=""C:\\Users\\khalil.abdullah\\Documents\\oldfile.cmd"" description=""File deleted"""
2025-06-01 12:20:12,bilal.jaber,PC-192.168.1.42,Windows Server 2016,usb_drive_mounted,"drive_letter=""E:"" description=""USB drive mounted"""
2025-06-01 12:20:36,dania.kassem,PC-192.168.1.124,Ubuntu 20.04,email_sent,"email_subject=""Monthly report"" recipient=""boss@um6p-authenticator.net"" description=""User sent email"""
2025-06-01 12:20:50,samar.ridha,PC-192.168.1.116,Windows 11,clipboard_access,"description=""Clipboard accessed"""
2025-06-01 12:21:22,najat.omar,PC-192.168.1.238,CentOS 7,network_scan,"dest_ip_range=""192.168.1.0/24"" description=""Network scan detected"""
2025-06-01 12:21:23,maysa.abdelrahman,PC-192.168.1.238,Fedora 36,brute_force,"target_user=maysa.abdelrahman description=""Brute force login attempts detected"""
2025-06-01 12:22:11,yasir.khalaf,PC-192.168.1.231,Windows Server 2022,password_changed,"description=""User changed password"""
2025-06-01 12:22:36,mustafa.alraqi,PC-192.168.1.62,CentOS 8,wifi_connected,"ssid=""UM6P_Guest"" description=""WiFi connected"""
2025-06-01 12:23:36,mariyam.farid,PC-192.168.1.231,iOS 14,clipboard_cleared,"description=""Clipboard cleared"""
2025-06-01 12:24:07,abdulrahman.karim,PC-192.168.1.166,Fedora 36,network_connection,"dest_ip=192.168.1.108 dest_port=13755 protocol=Syslog description=""Outbound connection attempt"""
2025-06-01 12:24:11,shimaa.hassan,PC-192.168.1.136,Ubuntu 22.04,login_success,"description=""User shimaa.hassan logged in successfully"""
2025-06-01 12:24:33,noura.salem,PC-192.168.1.127,iOS 14,service_stopped,"service_name=""WinDefend"" description=""Service stopped"""
2025-06-01 12:25:30,shatha.abdallah,PC-192.168.1.111,iOS 14,screen_unlock,"description=""User unlocked the screen"""
2025-06-01 12:25:42,omar.hakim,PC-192.168.1.203,Chrome OS,file_access,"file_path=""C:\\Users\\omar.hakim\\Documents\\important.pl"" description=""File accessed"""
2025-06-01 12:25:43,yasin.abdelrahman,PC-192.168.1.206,Windows Server 2019,credential_dump,"file_path=""C:\\Windows\\System32\\config\\SAM"" description=""Credential dump attempt"""
2025-06-01 12:26:42,raed.saleh,PC-192.168.1.109,Windows Server 2019,file_access,"file_path=""C:\\Users\\raed.saleh\\Documents\\important.xml"" description=""File accessed"""
2025-06-01 12:26:58,yasir.abdullah,PC-192.168.1.236,Windows 7,screen_unlock,"description=""User unlocked the screen"""
2025-06-01 12:27:15,lina.abdulaziz,PC-192.168.1.165,Chrome OS,usb_removed,"device_id=""USB\VID_1234&PID_5678"" description=""USB device removed"""
2025-06-01 12:28:03,reem.taleb,PC-192.168.1.38,Android 11,file_decrypted,"file_path=""C:\\Users\\reem.taleb\\Documents\\secret.js"" description=""File decrypted"""
2025-06-01 12:28:52,nadia.abdel,PC-192.168.1.154,Android 12,screen_unlock,"description=""User unlocked the screen"""
2025-06-01 12:29:08,jamila.kamal,PC-192.168.1.112,Windows 11,remote_desktop,"dest_ip=192.168.1.20 dest_port=3389 protocol=RDP description=""RDP connection attempt"""
2025-06-01 12:29:51,zainab.karim,PC-192.168.1.89,Debian 11,password_changed,"description=""User changed password"""
2025-06-01 12:30:35,shimaa.hassan,PC-192.168.1.110,macOS Monterey,file_deleted,"file_path=""C:\\Users\\shimaa.hassan\\Documents\\oldfile.iso"" description=""File deleted"""
2025-06-01 12:30:43,khalifa.mahmoud,PC-192.168.1.71,macOS Big Sur,usb_drive_mounted,"drive_letter=""E:"" description=""USB drive mounted"""
2025-06-01 12:31:07,siham.faraj,PC-192.168.1.100,Amazon Linux 2,logout,"description=""User siham.faraj logged out"""
2025-06-01 12:31:50,zohair.salim,PC-192.168.1.14,Debian 10,open_application,"application=chrome.exe description=""User launched chrome.exe"""
2025-06-01 12:32:25,amina.talal,PC-192.168.1.227,Ubuntu 20.04,dns_tunnel_detected,"dest_domain=update-account-info.org description=""Possible DNS tunneling detected"""
2025-06-01 12:33:05,hamza.zaki,PC-192.168.1.36,Debian 10,file_access,"file_path=""C:\\Users\\hamza.zaki\\Documents\\important.csv"" description=""File accessed"""
2025-06-01 12:33:55,salwa.hamdi,PC-192.168.1.145,Windows 11,brute_force,"target_user=salwa.hamdi description=""Brute force login attempts detected"""
2025-06-01 12:34:53,salma.hamdan,PC-192.168.1.151,Android 12,network_scan,"dest_ip_range=""192.168.1.0/24"" description=""Network scan detected"""
2025-06-01 12:35:03,nidaa.farouk,PC-192.168.1.111,Windows Server 2019,dns_tunnel_detected,"dest_domain=login-authentication.com description=""Possible DNS tunneling detected"""
2025-06-01 12:35:33,rashid.nour,PC-192.168.1.19,Red Hat Enterprise Linux 8,privilege_escalation,"process_name=virtualbox.exe description=""Privilege escalation attempt detected"""
2025-06-01 12:35:51,hada.mohamed,PC-192.168.1.214,Ubuntu 20.04,scheduled_task_deleted,"task_name=""OldBackup"" description=""Scheduled task deleted"""
2025-06-01 12:36:18,nashit.alhadi,PC-192.168.1.20,Debian 11,software_installed,"software_name=""7-Zip"" description=""Software installed"""
2025-06-01 12:36:30,bilal.jaber,PC-192.168.1.91,Windows Server 2022,usb_drive_unmounted,"drive_letter=""E:"" description=""USB drive unmounted"""
2025-06-01 12:37:11,rima.bashir,PC-192.168.1.170,macOS Catalina,file_created,"file_path=""C:\\Users\\rima.bashir\\AppData\\Temp\\malware.csv"" description=""File created"""
2025-06-01 12:37:39,basim.zahran,PC-192.168.1.142,Fedora 36,wifi_connected,"ssid=""UM6P_Guest"" description=""WiFi connected"""
2025-06-01 12:38:27,mustafa.alraqi,PC-192.168.1.189,iOS 15,clipboard_cleared,"description=""Clipboard cleared"""
2025-06-01 12:39:13,kalil.hakim,PC-192.168.1.174,iOS 15,process_terminated,"process_name=virtualbox.exe description=""Process terminated"""
2025-06-01 12:39:35,layla.abdullah,PC-192.168.1.114,Ubuntu 20.04,usb_removed,"device_id=""USB\VID_1234&PID_5678"" description=""USB device removed"""
2025-06-01 12:40:29,zayd.abdelrahim,PC-192.168.1.17,Red Hat Enterprise Linux 8,file_created,"file_path=""C:\\Users\\zayd.abdelrahim\\AppData\\Temp\\malware.bin"" description=""File created"""
2025-06-01 12:40:53,shatha.abdallah,PC-192.168.1.222,Chrome OS,service_started,"service_name=""WinDefend"" description=""Service started"""
2025-06-01 12:40:54,hazem.younis,PC-192.168.1.97,Windows 10,login_failed,"target_user=administrator description=""Failed login attempt"""
2025-06-01 12:41:09,adil.azzam,PC-192.168.1.131,Windows 10,close_application,"application=zoom.exe description=""User closed zoom.exe"""
2025-06-01 12:41:26,basil.salama,PC-192.168.1.78,iOS 14,usb_drive_mounted,"drive_letter=""E:"" description=""USB drive mounted"""
2025-06-01 12:41:45,mariyam.farid,PC-192.168.1.116,CentOS 7,scheduled_task_created,"task_name=""UpdateCheck"" description=""Scheduled task created"""
2025-06-01 12:42:42,salma.hamdan,PC-192.168.1.56,FreeBSD 12,scheduled_task_created,"task_name=""UpdateCheck"" description=""Scheduled task created"""
2025-06-01 12:43:17,hibah.yusuf,PC-192.168.1.128,Windows Server 2019,vpn_connection,"dest_ip=192.168.1.219 description=""VPN connection established"""
2025-06-01 12:43:23,bilal.abdelaziz,PC-192.168.1.192,Red Hat Enterprise Linux 8,usb_drive_unmounted,"drive_letter=""E:"" description=""USB drive unmounted"""
2025-06-01 12:44:19,noura.salem,PC-192.168.1.112,Android 12,brute_force,"target_user=noura.salem description=""Brute force login attempts detected"""
2025-06-01 12:44:39,khalil.abdullah,PC-192.168.1.180,macOS Monterey,service_started,"service_name=""WinDefend"" description=""Service started"""
2025-06-01 12:45:31,zubair.abdulqadir,PC-192.168.1.232,macOS Big Sur,alert_av,"alert_level=low description=""Antivirus alert triggered"""
2025-06-01 12:45:40,siham.faraj,PC-192.168.1.179,FreeBSD 12,password_changed,"description=""User changed password"""
2025-06-01 12:45:55,yasmin.abdulrahman,PC-192.168.1.65,Windows 7,process_terminated,"process_name=microsoftedge.exe description=""Process terminated"""
2025-06-01 12:46:06,joud.nasser,PC-192.168.1.195,Windows 10,close_application,"application=chrome.exe description=""User closed chrome.exe"""
2025-06-01 12:46:38,tarik.makki,PC-192.168.1.168,Chrome OS,file_access,"file_path=""C:\\Users\\tarik.makki\\Documents\\important.bin"" description=""File accessed"""
2025-06-01 12:47:33,fatma.ismail,PC-192.168.1.207,macOS Catalina,file_created,"file_path=""C:\\Users\\fatma.ismail\\AppData\\Temp\\malware.7z"" description=""File created"""
2025-06-01 12:48:15,asmaa.rahman,PC-192.168.1.43,macOS Monterey,clipboard_cleared,"description=""Clipboard cleared"""
2025-06-01 12:49:09,yasmeen.salim,PC-192.168.1.235,Fedora 36,wifi_disconnected,"ssid=""UM6P_Guest"" description=""WiFi disconnected"""
2025-06-01 12:49:52,mahmoud.najjar,PC-192.168.1.194,Ubuntu 22.04,password_changed,"description=""User changed password"""
2025-06-01 12:50:37,dalia.karim,PC-192.168.1.11,CentOS 8,email_received,"email_subject=""Invoice update"" sender=""finance@phishing-site.com"" description=""User received email"""
2025-06-01 12:51:29,zohair.salim,PC-192.168.1.189,CentOS 8,service_stopped,"service_name=""WinDefend"" description=""Service stopped"""
2025-06-01 12:52:04,raed.saleh,PC-192.168.1.144,FreeBSD 13,file_decrypted,"file_path=""C:\\Users\\raed.saleh\\Documents\\secret.pl"" description=""File decrypted"""
2025-06-01 12:52:59,reem.ali,PC-192.168.1.122,CentOS 7,file_modified,"file_path=""C:\\Users\\reem.ali\\Documents\\notes.sys"" description=""File modified"""
2025-06-01 12:53:14,nisreen.jamal,PC-192.168.1.71,Windows 11,close_application,"application=notepad.exe description=""User closed notepad.exe"""
2025-06-01 12:54:00,zohair.salim,PC-192.168.1.27,macOS Big Sur,process_creation,"process_name=telegram.exe arguments=""/c powershell Get-EventLog -LogName Security -EntryType FailureAudit -Newest 20"" description=""Process created"""
2025-06-01 12:54:11,samir.alhassan,PC-192.168.1.100,Amazon Linux 2,screen_lock,"description=""User locked the screen"""
2025-06-01 12:54:32,dalia.karim,PC-192.168.1.27,Chrome OS,process_creation,"process_name=explorer.exe arguments=""/c ipconfig /all"" description=""Process created"""
2025-06-01 12:54:55,khaled.nasser,PC-192.168.1.171,Fedora 36,wifi_connected,"ssid=""UM6P_Guest"" description=""WiFi connected"""
2025-06-01 12:55:48,fatma.ismail,PC-192.168.1.80,CentOS 8,network_connection,"dest_ip=192.168.1.220 dest_port=16851 protocol=MQTT description=""Outbound connection attempt"""
2025-06-01 12:56:05,amin.ghanim,PC-192.168.1.27,Chrome OS,screen_lock,"description=""User locked the screen"""
2025-06-01 12:56:10,reem.ali,PC-192.168.1.201,Windows Server 2022,usb_inserted,"device_id=""USB\VID_1234&PID_5678"" description=""USB device inserted"""
2025-06-01 12:56:42,firas.mohamed,PC-192.168.1.184,macOS Big Sur,process_terminated,"process_name=zoom.exe description=""Process terminated"""
2025-06-01 12:56:49,manal.rashid,PC-192.168.1.71,Red Hat Enterprise Linux 8,wifi_connected,"ssid=""UM6P_Guest"" description=""WiFi connected"""
2025-06-01 12:57:26,fadi.kassem,PC-192.168.1.161,iOS 14,screen_unlock,"description=""User unlocked the screen"""
2025-06-01 12:57:54,habib.mahfouz,PC-192.168.1.138,macOS Monterey,config_change,"config_item=""FirewallRule"" description=""Firewall configuration changed"""
2025-06-01 12:58:41,dina.farouk,PC-192.168.1.69,macOS Monterey,usb_inserted,"device_id=""USB\VID_1234&PID_5678"" description=""USB device inserted"""
2025-06-01 12:58:45,shimaa.hassan,PC-192.168.1.164,Windows Server 2022,registry_modified,"reg_path=""HKCU\\Software\\Microsoft\\Windows\\CurrentVersion\\Run"" reg_value=""malware"" description=""Registry key modified"""
2025-06-01 12:59:05,salim.hadi,PC-192.168.1.195,FreeBSD 12,software_uninstalled,"software_name=""Adobe Reader"" description=""Software uninstalled"""
2025-06-01 12:59:27,hada.mohamed,PC-192.168.1.15,Windows Server 2019,screen_lock,"description=""User locked the screen"""
2025-06-01 12:59:54,saif.alqahtani,PC-192.168.1.32,Chrome OS,service_started,"service_name=""WinDefend"" description=""Service started"""
2025-06-01 13:00:26,khaled.nasser,PC-192.168.1.213,iOS 15,vpn_connection,"dest_ip=192.168.1.251 description=""VPN connection established"""
2025-06-01 13:01:16,ali.mostafa,PC-192.168.1.156,FreeBSD 12,service_stopped,"service_name=""WinDefend"" description=""Service stopped"""
2025-06-01 13:02:02,younes.abdullah,PC-192.168.1.224,Debian 11,file_encrypted,"file_path=""C:\\Users\\younes.abdullah\\Documents\\secret.msi"" description=""File encrypted (possible ransomware)"""
2025-06-01 13:02:05,muna.bakr,PC-192.168.1.233,Amazon Linux 2,screen_lock,"description=""User locked the screen"""
2025-06-01 13:02:12,abdulrahman.karim,PC-192.168.1.85,Debian 11,file_decrypted,"file_path=""C:\\Users\\abdulrahman.karim\\Documents\\secret.json"" description=""File decrypted"""
2025-06-01 13:02:27,samir.alhassan,PC-192.168.1.181,Amazon Linux 2,email_sent,"email_subject=""Monthly report"" recipient=""boss@ssh-drop-access.org"" description=""User sent email"""
2025-06-01 13:03:13,nawal.ibrahim,PC-192.168.1.13,Windows 10,process_creation,"process_name=Chrome.exe arguments=""/c arp -a"" description=""Process created"""
2025-06-01 13:03:34,mariyam.farid,PC-192.168.1.103,Red Hat Enterprise Linux 8,config_change,"config_item=""FirewallRule"" description=""Firewall configuration changed"""
2025-06-01 13:04:13,ghassan.sharif,PC-192.168.1.70,Amazon Linux 2,registry_modified,"reg_path=""HKCU\\Software\\Microsoft\\Windows\\CurrentVersion\\Run"" reg_value=""malware"" description=""Registry key modified"""
2025-06-01 13:04:19,tariq.mansour,PC-192.168.1.164,Red Hat Enterprise Linux 8,clipboard_cleared,"description=""Clipboard cleared"""
2025-06-01 13:04:57,khaled.nasser,PC-192.168.1.210,Ubuntu 22.04,software_uninstalled,"software_name=""Adobe Reader"" description=""Software uninstalled"""
2025-06-01 13:04:58,mohanna.hadi,PC-192.168.1.117,Chrome OS,network_disconnect,"dest_ip=192.168.1.241 description=""Network disconnected"""
2025-06-01 13:05:41,samah.fahmi,PC-192.168.1.106,Android 12,screen_unlock,"description=""User unlocked the screen"""
2025-06-01 13:06:03,rina.sharif,PC-192.168.1.108,Windows 10,login_failed,"target_user=administrator description=""Failed login attempt"""
2025-06-01 13:06:31,hazem.younis,PC-192.168.1.205,Android 12,clipboard_access,"description=""Clipboard accessed"""
2025-06-01 13:06:44,shatha.abdallah,PC-192.168.1.94,FreeBSD 13,usb_drive_unmounted,"drive_letter=""E:"" description=""USB drive unmounted"""
2025-06-01 13:07:00,zohair.salim,PC-192.168.1.82,Debian 11,password_changed,"description=""User changed password"""
2025-06-01 13:07:20,adil.najjar,PC-192.168.1.216,Android 11,email_clicked,"email_subject=""Invoice update"" url=""http://security-alerts.org/login"" description=""User clicked suspicious link"""
2025-06-01 13:07:37,salim.hadi,PC-192.168.1.156,CentOS 7,network_disconnect,"dest_ip=192.168.1.116 description=""Network disconnected"""
2025-06-01 13:08:12,raed.khaled,PC-192.168.1.59,Debian 11,open_application,"application=winword.exe description=""User launched winword.exe"""
2025-06-01 13:08:24,amina.talal,PC-192.168.1.80,Windows 10,close_application,"application=Word.exe description=""User closed Word.exe"""
2025-06-01 13:09:04,fahd.saadi,PC-192.168.1.152,Windows 10,usb_drive_unmounted,"drive_letter=""E:"" description=""USB drive unmounted"""
2025-06-01 13:09:10,alaa.salem,PC-192.168.1.66,macOS Monterey,scheduled_task_created,"task_name=""UpdateCheck"" description=""Scheduled task created"""
2025-06-01 13:09:31,salma.hamdan,PC-192.168.1.239,Debian 11,privilege_escalation,"process_name=Word.exe description=""Privilege escalation attempt detected"""
2025-06-01 13:09:53,alaa.salem,PC-192.168.1.43,Windows Server 2019,login_success,"description=""User alaa.salem logged in successfully"""
2025-06-01 13:10:45,reem.ali,PC-192.168.1.149,Red Hat Enterprise Linux 8,email_clicked,"email_subject=""Invoice update"" url=""http://account-security-update.com/login"" description=""User clicked suspicious link"""
2025-06-01 13:10:56,sabir.jarrah,PC-192.168.1.14,CentOS 8,network_disconnect,"dest_ip=192.168.1.195 description=""Network disconnected"""
2025-06-01 13:11:45,manar.halabi,PC-192.168.1.141,iOS 14,screen_unlock,"description=""User unlocked the screen"""
2025-06-01 13:11:56,bilal.jaber,PC-192.168.1.241,macOS Big Sur,email_clicked,"email_subject=""Invoice update"" url=""http://security-check.info/login"" description=""User clicked suspicious link"""
2025-06-01 13:12:47,raed.khaled,PC-192.168.1.102,Windows Server 2016,vpn_connection,"dest_ip=192.168.1.47 description=""VPN connection established"""
2025-06-01 13:13:35,karim.faraj,PC-192.168.1.151,macOS Monterey,wifi_disconnected,"ssid=""UM6P_Guest"" description=""WiFi disconnected"""
2025-06-01 13:13:48,mona.abdul,PC-192.168.1.247,Android 12,process_terminated,"process_name=cmd.exe description=""Process terminated"""
2025-06-01 13:13:50,dania.kassem,PC-192.168.1.132,CentOS 7,service_started,"service_name=""WinDefend"" description=""Service started"""
2025-06-01 13:14:11,mohamed.hassan,PC-192.168.1.178,Windows 7,clipboard_cleared,"description=""Clipboard cleared"""
2025-06-01 13:14:52,hala.karim,PC-192.168.1.245,FreeBSD 12,network_disconnect,"dest_ip=192.168.1.179 description=""Network disconnected"""
2025-06-01 13:15:49,samira.karim,PC-192.168.1.127,Android 12,service_stopped,"service_name=""WinDefend"" description=""Service stopped"""
2025-06-01 13:16:29,ahmed.bakr,PC-192.168.1.102,Windows Server 2022,file_access,"file_path=""C:\\Users\\ahmed.bakr\\Documents\\important.py"" description=""File accessed"""
2025-06-01 13:16:47,dalia.karim,PC-192.168.1.69,Chrome OS,email_sent,"email_subject=""Monthly report"" recipient=""boss@um6p-login-verification.com"" description=""User sent email"""
2025-06-01 13:17:28,samah.abdelfattah,PC-192.168.1.162,Windows Server 2022,service_stopped,"service_name=""WinDefend"" description=""Service stopped"""
2025-06-01 13:17:54,lina.hadi,PC-192.168.1.200,Chrome OS,wifi_connected,"ssid=""UM6P_Guest"" description=""WiFi connected"""
